duplicate_group_id,sha256,group_size,file_path,relative_path,file_name,file_size_bytes,suggested_keep,suggested_action
1,a6da592da9ec042fb50c3246b3f9e20d49af1b82846a31b2e60f52808d23b37a,3,D:\Good Measure\MentalWellbeingbyGeography\data\raw\abs\allocation_files\LGA_2021_AUST.xlsx,data\raw\abs\allocation_files\LGA_2021_AUST.xlsx,LGA_2021_AUST.xlsx,20000485,0,archive_duplicate_copy
1,a6da592da9ec042fb50c3246b3f9e20d49af1b82846a31b2e60f52808d23b37a,3,D:\Good Measure\MentalWellbeingbyGeography\data\raw\abs\geography\LGA_2021_AUST.xlsx,data\raw\abs\geography\LGA_2021_AUST.xlsx,LGA_2021_AUST.xlsx,20000485,1,keep_active_copy
1,a6da592da9ec042fb50c3246b3f9e20d49af1b82846a31b2e60f52808d23b37a,3,D:\Good Measure\MentalWellbeingbyGeography\data\raw\abs\remoteness\LGA_2021_AUST.xlsx,data\raw\abs\remoteness\LGA_2021_AUST.xlsx,LGA_2021_AUST.xlsx,20000485,0,archive_duplicate_copy
2,cbfe8b98ed17c3be994f5635bd5fd4cc721b6f798d14f583c41a32c6b6973884,3,D:\Good Measure\MentalWellbeingbyGeography\data\raw\abs\allocation_files\MB_2021_AUST.xlsx,data\raw\abs\allocation_files\MB_2021_AUST.xlsx,MB_2021_AUST.xlsx,35322985,0,archive_duplicate_copy
2,cbfe8b98ed17c3be994f5635bd5fd4cc721b6f798d14f583c41a32c6b6973884,3,D:\Good Measure\MentalWellbeingbyGeography\data\raw\abs\geography\MB_2021_AUST.xlsx,data\raw\abs\geography\MB_2021_AUST.xlsx,MB_2021_AUST.xlsx,35322985,1,keep_active_copy
2,cbfe8b98ed17c3be994f5635bd5fd4cc721b6f798d14f583c41a32c6b6973884,3,D:\Good Measure\MentalWellbeingbyGeography\data\raw\abs\remoteness\MB_2021_AUST.xlsx,data\raw\abs\remoteness\MB_2021_AUST.xlsx,MB_2021_AUST.xlsx,35322985,0,archive_duplicate_copy
3,16ccd8c934b04ff677a0afa7127e9fc5ebc3ecf306637386fae03104e69576bb,2,D:\Good Measure\MentalWellbeingbyGeography\data\raw\abs\correspondences\asgs_2016_to_2021\CA_ADD_2016_ADD_2021.csv,data\raw\abs\correspondences\asgs_2016_to_2021\CA_ADD_2016_ADD_2021.csv,CA_ADD_2016_ADD_2021.csv,3259,0,archive_duplicate_copy
3,16ccd8c934b04ff677a0afa7127e9fc5ebc3ecf306637386fae03104e69576bb,2,D:\Good Measure\MentalWellbeingbyGeography\data\raw\abs\geography\CA_ADD_2016_ADD_2021.csv,data\raw\abs\geography\CA_ADD_2016_ADD_2021.csv,CA_ADD_2016_ADD_2021.csv,3259,1,keep_active_copy
4,ddaf727a330bcfa8e2bf3bc02b97711997b75617e01a4ffed79ae8b089949a7a,2,D:\Good Measure\MentalWellbeingbyGeography\data\raw\abs\correspondences\asgs_2016_to_2021\CG_2022_LGA_2023_LGA.csv,data\raw\abs\correspondences\asgs_2016_to_2021\CG_2022_LGA_2023_LGA.csv,CG_2022_LGA_2023_LGA.csv,28806,0,archive_duplicate_copy
4,ddaf727a330bcfa8e2bf3bc02b97711997b75617e01a4ffed79ae8b089949a7a,2,D:\Good Measure\MentalWellbeingbyGeography\data\raw\abs\geography\CG_2022_LGA_2023_LGA.csv,data\raw\abs\geography\CG_2022_LGA_2023_LGA.csv,CG_2022_LGA_2023_LGA.csv,28806,1,keep_active_copy
5,2c0f2f51ed072f3cf54887659e78e0c7ada56b73bc2d403396964bdd81948132,2,D:\Good Measure\MentalWellbeingbyGeography\data\raw\abs\correspondences\asgs_2016_to_2021\CG_CED_2016_CED_2021.csv,data\raw\abs\correspondences\asgs_2016_to_2021\CG_CED_2016_CED_2021.csv,CG_CED_2016_CED_2021.csv,19698,0,archive_duplicate_copy
5,2c0f2f51ed072f3cf54887659e78e0c7ada56b73bc2d403396964bdd81948132,2,D:\Good Measure\MentalWellbeingbyGeography\data\raw\abs\geography\CG_CED_2016_CED_2021.csv,data\raw\abs\geography\CG_CED_2016_CED_2021.csv,CG_CED_2016_CED_2021.csv,19698,1,keep_active_copy
6,8603bbf3ce23dbb11c82af5c0d1a42288dddf563cb3a9068a36639c310814444,2,D:\Good Measure\MentalWellbeingbyGeography\data\raw\abs\correspondences\asgs_2016_to_2021\CG_CED_2018_CED_2021.csv,data\raw\abs\correspondences\asgs_2016_to_2021\CG_CED_2018_CED_2021.csv,CG_CED_2018_CED_2021.csv,15741,0,archive_duplicate_copy
6,8603bbf3ce23dbb11c82af5c0d1a42288dddf563cb3a9068a36639c310814444,2,D:\Good Measure\MentalWellbeingbyGeography\data\raw\abs\geography\CG_CED_2018_CED_2021.csv,data\raw\abs\geography\CG_CED_2018_CED_2021.csv,CG_CED_2018_CED_2021.csv,15741,1,keep_active_copy
7,885dc98681ee9c795ea5b94a02538fd389a771dc9458f4f9f357668081a0b392,2,D:\Good Measure\MentalWellbeingbyGeography\data\raw\abs\correspondences\asgs_2016_to_2021\CG_CED_2021_CED_2024.csv,data\raw\abs\correspondences\asgs_2016_to_2021\CG_CED_2021_CED_2024.csv,CG_CED_2021_CED_2024.csv,15606,0,archive_duplicate_copy
7,885dc98681ee9c795ea5b94a02538fd389a771dc9458f4f9f357668081a0b392,2,D:\Good Measure\MentalWellbeingbyGeography\data\raw\abs\geography\CG_CED_2021_CED_2024.csv,data\raw\abs\geography\CG_CED_2021_CED_2024.csv,CG_CED_2021_CED_2024.csv,15606,1,keep_active_copy
8,1d4b75269caa6bee87a7895784145cf14aa83d5b40b205f01155bfa3f63fbcf4,2,D:\Good Measure\MentalWellbeingbyGeography\data\raw\abs\correspondences\asgs_2016_to_2021\CG_CED_2024_CED_2025.csv,data\raw\abs\correspondences\asgs_2016_to_2021\CG_CED_2024_CED_2025.csv,CG_CED_2024_CED_2025.csv,7574,0,archive_duplicate_copy
8,1d4b75269caa6bee87a7895784145cf14aa83d5b40b205f01155bfa3f63fbcf4,2,D:\Good Measure\MentalWellbeingbyGeography\data\raw\abs\geography\CG_CED_2024_CED_2025.csv,data\raw\abs\geography\CG_CED_2024_CED_2025.csv,CG_CED_2024_CED_2025.csv,7574,1,keep_active_copy
9,012308f437924abd1db95079335c5b7e46992788dec085103372691fa18b6a56,2,D:\Good Measure\MentalWellbeingbyGeography\data\raw\abs\correspondences\asgs_2016_to_2021\CG_DZN_2016_DZN_2021.csv,data\raw\abs\correspondences\asgs_2016_to_2021\CG_DZN_2016_DZN_2021.csv,CG_DZN_2016_DZN_2021.csv,335336,0,archive_duplicate_copy
9,012308f437924abd1db95079335c5b7e46992788dec085103372691fa18b6a56,2,D:\Good Measure\MentalWellbeingbyGeography\data\raw\abs\geography\CG_DZN_2016_DZN_2021.csv,data\raw\abs\geography\CG_DZN_2016_DZN_2021.csv,CG_DZN_2016_DZN_2021.csv,335336,1,keep_active_copy
10,906447cdc9624cd23e3f470c8336b358920c57c07455c1d77cba3ed52de5a4e9,2,D:\Good Measure\MentalWellbeingbyGeography\data\raw\abs\correspondences\asgs_2016_to_2021\CG_GCCSA_2016_GCCSA_2021.csv,data\raw\abs\correspondences\asgs_2016_to_2021\CG_GCCSA_2016_GCCSA_2021.csv,CG_GCCSA_2016_GCCSA_2021.csv,2742,0,archive_duplicate_copy
10,906447cdc9624cd23e3f470c8336b358920c57c07455c1d77cba3ed52de5a4e9,2,D:\Good Measure\MentalWellbeingbyGeography\data\raw\abs\geography\CG_GCCSA_2016_GCCSA_2021.csv,data\raw\abs\geography\CG_GCCSA_2016_GCCSA_2021.csv,CG_GCCSA_2016_GCCSA_2021.csv,2742,1,keep_active_copy
11,8aff4d9a91a9e22e121de64ec1c0fb4846243e73cf3ce379afef91694c9cd4f3,2,D:\Good Measure\MentalWellbeingbyGeography\data\raw\abs\correspondences\asgs_2016_to_2021\CG_IARE_2016_IARE_2021.csv,data\raw\abs\correspondences\asgs_2016_to_2021\CG_IARE_2016_IARE_2021.csv,CG_IARE_2016_IARE_2021.csv,27489,0,archive_duplicate_copy
11,8aff4d9a91a9e22e121de64ec1c0fb4846243e73cf3ce379afef91694c9cd4f3,2,D:\Good Measure\MentalWellbeingbyGeography\data\raw\abs\geography\CG_IARE_2016_IARE_2021.csv,data\raw\abs\geography\CG_IARE_2016_IARE_2021.csv,CG_IARE_2016_IARE_2021.csv,27489,1,keep_active_copy
12,417d94727902487451ca39eb870f34fbc278fc785936d5d55289e2eb2fdbf25a,2,D:\Good Measure\MentalWellbeingbyGeography\data\raw\abs\correspondences\asgs_2016_to_2021\CG_ILOC_2016_ILOC_2021.csv,data\raw\abs\correspondences\asgs_2016_to_2021\CG_ILOC_2016_ILOC_2021.csv,CG_ILOC_2016_ILOC_2021.csv,76271,0,archive_duplicate_copy
12,417d94727902487451ca39eb870f34fbc278fc785936d5d55289e2eb2fdbf25a,2,D:\Good Measure\MentalWellbeingbyGeography\data\raw\abs\geography\CG_ILOC_2016_ILOC_2021.csv,data\raw\abs\geography\CG_ILOC_2016_ILOC_2021.csv,CG_ILOC_2016_ILOC_2021.csv,76271,1,keep_active_copy
13,9b6d602a1a6a85d3d7713de4b3d47ef2213a4a2da7d61ef1c4f983c58ea80791,2,D:\Good Measure\MentalWellbeingbyGeography\data\raw\abs\correspondences\asgs_2016_to_2021\CG_IREG_2016_IREG_2021.csv,data\raw\abs\correspondences\asgs_2016_to_2021\CG_IREG_2016_IREG_2021.csv,CG_IREG_2016_IREG_2021.csv,3852,0,archive_duplicate_copy
13,9b6d602a1a6a85d3d7713de4b3d47ef2213a4a2da7d61ef1c4f983c58ea80791,2,D:\Good Measure\MentalWellbeingbyGeography\data\raw\abs\geography\CG_IREG_2016_IREG_2021.csv,data\raw\abs\geography\CG_IREG_2016_IREG_2021.csv,CG_IREG_2016_IREG_2021.csv,3852,1,keep_active_copy
14,7849f286e0dad2c3782ad2403e72e5e2f3199481c47fbee46ed4d50bcf6c97f8,2,D:\Good Measure\MentalWellbeingbyGeography\data\raw\abs\correspondences\asgs_2016_to_2021\CG_LGA_2016_LGA_2021.csv,data\raw\abs\correspondences\asgs_2016_to_2021\CG_LGA_2016_LGA_2021.csv,CG_LGA_2016_LGA_2021.csv,32484,0,archive_duplicate_copy
14,7849f286e0dad2c3782ad2403e72e5e2f3199481c47fbee46ed4d50bcf6c97f8,2,D:\Good Measure\MentalWellbeingbyGeography\data\raw\abs\geography\CG_LGA_2016_LGA_2021.csv,data\raw\abs\geography\CG_LGA_2016_LGA_2021.csv,CG_LGA_2016_LGA_2021.csv,32484,1,keep_active_copy
15,fb1ba47536e1ee6423d25f1af4ec97be3c8e5dbef83996e8298de17fec71f4d9,2,D:\Good Measure\MentalWellbeingbyGeography\data\raw\abs\correspondences\asgs_2016_to_2021\CG_LGA_2020_LGA_2021.csv,data\raw\abs\correspondences\asgs_2016_to_2021\CG_LGA_2020_LGA_2021.csv,CG_LGA_2020_LGA_2021.csv,31970,0,archive_duplicate_copy
15,fb1ba47536e1ee6423d25f1af4ec97be3c8e5dbef83996e8298de17fec71f4d9,2,D:\Good Measure\MentalWellbeingbyGeography\data\raw\abs\geography\CG_LGA_2020_LGA_2021.csv,data\raw\abs\geography\CG_LGA_2020_LGA_2021.csv,CG_LGA_2020_LGA_2021.csv,31970,1,keep_active_copy
16,be6722c14903be34886e1c77477f34e1b45257fa0cb07a277643e860196251d2,2,D:\Good Measure\MentalWellbeingbyGeography\data\raw\abs\correspondences\asgs_2016_to_2021\CG_LGA_2021_LGA_2022.csv,data\raw\abs\correspondences\asgs_2016_to_2021\CG_LGA_2021_LGA_2022.csv,CG_LGA_2021_LGA_2022.csv,28985,0,archive_duplicate_copy
16,be6722c14903be34886e1c77477f34e1b45257fa0cb07a277643e860196251d2,2,D:\Good Measure\MentalWellbeingbyGeography\data\raw\abs\geography\CG_LGA_2021_LGA_2022.csv,data\raw\abs\geography\CG_LGA_2021_LGA_2022.csv,CG_LGA_2021_LGA_2022.csv,28985,1,keep_active_copy
17,e115acc5a6e8702ec5cd331542a7c3c2b6cf369c218ee61e2be76d91ce498813,2,D:\Good Measure\MentalWellbeingbyGeography\data\raw\abs\correspondences\asgs_2016_to_2021\CG_LGA_2023_LGA_2024.csv,data\raw\abs\correspondences\asgs_2016_to_2021\CG_LGA_2023_LGA_2024.csv,CG_LGA_2023_LGA_2024.csv,28807,0,archive_duplicate_copy
17,e115acc5a6e8702ec5cd331542a7c3c2b6cf369c218ee61e2be76d91ce498813,2,D:\Good Measure\MentalWellbeingbyGeography\data\raw\abs\geography\CG_LGA_2023_LGA_2024.csv,data\raw\abs\geography\CG_LGA_2023_LGA_2024.csv,CG_LGA_2023_LGA_2024.csv,28807,1,keep_active_copy
18,92697d6d02e2c4926f7bc2e81704ae6beb92e9aae6198f9ef67a7e893948579f,2,D:\Good Measure\MentalWellbeingbyGeography\data\raw\abs\correspondences\asgs_2016_to_2021\CG_LGA_2024_LGA_2025.csv,data\raw\abs\correspondences\asgs_2016_to_2021\CG_LGA_2024_LGA_2025.csv,CG_LGA_2024_LGA_2025.csv,28885,0,archive_duplicate_copy
18,92697d6d02e2c4926f7bc2e81704ae6beb92e9aae6198f9ef67a7e893948579f,2,D:\Good Measure\MentalWellbeingbyGeography\data\raw\abs\geography\CG_LGA_2024_LGA_2025.csv,data\raw\abs\geography\CG_LGA_2024_LGA_2025.csv,CG_LGA_2024_LGA_2025.csv,28885,1,keep_active_copy
19,d2f5b7557e122e9b3c8e12be50b05a735b3497e917634756388fb0ecc207ffb0,2,D:\Good Measure\MentalWellbeingbyGeography\data\raw\abs\correspondences\asgs_2016_to_2021\CG_MB_2016_MB_2021.csv,data\raw\abs\correspondences\asgs_2016_to_2021\CG_MB_2016_MB_2021.csv,CG_MB_2016_MB_2021.csv,14482416,0,archive_duplicate_copy
19,d2f5b7557e122e9b3c8e12be50b05a735b3497e917634756388fb0ecc207ffb0,2,D:\Good Measure\MentalWellbeingbyGeography\data\raw\abs\geography\CG_MB_2016_MB_2021.csv,data\raw\abs\geography\CG_MB_2016_MB_2021.csv,CG_MB_2016_MB_2021.csv,14482416,1,keep_active_copy
20,591e43d13b419cb5b2b726d96c76d07a840fdb35f88ccf8e5c931691d22de437,2,D:\Good Measure\MentalWellbeingbyGeography\data\raw\abs\correspondences\asgs_2016_to_2021\CG_POA_2016_POA_2021.csv,data\raw\abs\correspondences\asgs_2016_to_2021\CG_POA_2016_POA_2021.csv,CG_POA_2016_POA_2021.csv,104501,0,archive_duplicate_copy
20,591e43d13b419cb5b2b726d96c76d07a840fdb35f88ccf8e5c931691d22de437,2,D:\Good Measure\MentalWellbeingbyGeography\data\raw\abs\geography\CG_POA_2016_POA_2021.csv,data\raw\abs\geography\CG_POA_2016_POA_2021.csv,CG_POA_2016_POA_2021.csv,104501,1,keep_active_copy
21,4d34aa359d60e06792dcd4d3b554e0111b0bcf4aabe1855757f3cce8514d87d6,2,D:\Good Measure\MentalWellbeingbyGeography\data\raw\abs\correspondences\asgs_2016_to_2021\CG_RA_2016_RA_2021_GRID16.csv,data\raw\abs\correspondences\asgs_2016_to_2021\CG_RA_2016_RA_2021_GRID16.csv,CG_RA_2016_RA_2021_GRID16.csv,6743,0,archive_duplicate_copy
21,4d34aa359d60e06792dcd4d3b554e0111b0bcf4aabe1855757f3cce8514d87d6,2,D:\Good Measure\MentalWellbeingbyGeography\data\raw\abs\geography\CG_RA_2016_RA_2021_GRID16.csv,data\raw\abs\geography\CG_RA_2016_RA_2021_GRID16.csv,CG_RA_2016_RA_2021_GRID16.csv,6743,1,keep_active_copy
22,0bf756c16a267c6710ad91a2e5c0ba879969c0f224a172d49f32d8910a160eb8,2,D:\Good Measure\MentalWellbeingbyGeography\data\raw\abs\correspondences\asgs_2016_to_2021\CG_SA1_2016_SA1_2021.csv,data\raw\abs\correspondences\asgs_2016_to_2021\CG_SA1_2016_SA1_2021.csv,CG_SA1_2016_SA1_2021.csv,2474124,0,archive_duplicate_copy
22,0bf756c16a267c6710ad91a2e5c0ba879969c0f224a172d49f32d8910a160eb8,2,D:\Good Measure\MentalWellbeingbyGeography\data\raw\abs\geography\CG_SA1_2016_SA1_2021.csv,data\raw\abs\geography\CG_SA1_2016_SA1_2021.csv,CG_SA1_2016_SA1_2021.csv,2474124,1,keep_active_copy
23,e4838ecb7f0df49fb03087d0c8182a443161f87913da27a6e7c06cb1255eef7c,3,D:\Good Measure\MentalWellbeingbyGeography\data\raw\abs\correspondences\asgs_2016_to_2021\CG_SA2_2016_SA2_2021.csv,data\raw\abs\correspondences\asgs_2016_to_2021\CG_SA2_2016_SA2_2021.csv,CG_SA2_2016_SA2_2021.csv,172793,0,archive_duplicate_copy
23,e4838ecb7f0df49fb03087d0c8182a443161f87913da27a6e7c06cb1255eef7c,3,D:\Good Measure\MentalWellbeingbyGeography\data\raw\abs\correspondences\asgs_2016_to_2021_exact\CG_SA2_2016_SA2_2021.csv,data\raw\abs\correspondences\asgs_2016_to_2021_exact\CG_SA2_2016_SA2_2021.csv,CG_SA2_2016_SA2_2021.csv,172793,0,archive_duplicate_copy
23,e4838ecb7f0df49fb03087d0c8182a443161f87913da27a6e7c06cb1255eef7c,3,D:\Good Measure\MentalWellbeingbyGeography\data\raw\abs\geography\CG_SA2_2016_SA2_2021.csv,data\raw\abs\geography\CG_SA2_2016_SA2_2021.csv,CG_SA2_2016_SA2_2021.csv,172793,1,keep_active_copy
24,70b1df58c038531dea07996ddd2fc16e91596e0ffe988b44ad6bf23956118a70,3,D:\Good Measure\MentalWellbeingbyGeography\data\raw\abs\correspondences\asgs_2016_to_2021\CG_SA3_2016_SA3_2021.csv,data\raw\abs\correspondences\asgs_2016_to_2021\CG_SA3_2016_SA3_2021.csv,CG_SA3_2016_SA3_2021.csv,21955,0,archive_duplicate_copy
24,70b1df58c038531dea07996ddd2fc16e91596e0ffe988b44ad6bf23956118a70,3,D:\Good Measure\MentalWellbeingbyGeography\data\raw\abs\correspondences\asgs_2016_to_2021_exact\CG_SA3_2016_SA3_2021.csv,data\raw\abs\correspondences\asgs_2016_to_2021_exact\CG_SA3_2016_SA3_2021.csv,CG_SA3_2016_SA3_2021.csv,21955,0,archive_duplicate_copy
24,70b1df58c038531dea07996ddd2fc16e91596e0ffe988b44ad6bf23956118a70,3,D:\Good Measure\MentalWellbeingbyGeography\data\raw\abs\geography\CG_SA3_2016_SA3_2021.csv,data\raw\abs\geography\CG_SA3_2016_SA3_2021.csv,CG_SA3_2016_SA3_2021.csv,21955,1,keep_active_copy
25,cf2aaee7ea8c3677312741edb80047d11a1bceb60b372de65ba0e8a83040b0ca,2,D:\Good Measure\MentalWellbeingbyGeography\data\raw\abs\correspondences\asgs_2016_to_2021\CG_SA4_2016_SA4_2021.csv,data\raw\abs\correspondences\asgs_2016_to_2021\CG_SA4_2016_SA4_2021.csv,CG_SA4_2016_SA4_2021.csv,7517,0,archive_duplicate_copy
25,cf2aaee7ea8c3677312741edb80047d11a1bceb60b372de65ba0e8a83040b0ca,2,D:\Good Measure\MentalWellbeingbyGeography\data\raw\abs\geography\CG_SA4_2016_SA4_2021.csv,data\raw\abs\geography\CG_SA4_2016_SA4_2021.csv,CG_SA4_2016_SA4_2021.csv,7517,1,keep_active_copy
26,081a5babfaa0767c4c68f99f5fc810e0e0450104aa843bd1b9092f77a0154ec4,2,D:\Good Measure\MentalWellbeingbyGeography\data\raw\abs\correspondences\asgs_2016_to_2021\CG_SED_2016_SED_2021.csv,data\raw\abs\correspondences\asgs_2016_to_2021\CG_SED_2016_SED_2021.csv,CG_SED_2016_SED_2021.csv,74820,0,archive_duplicate_copy
26,081a5babfaa0767c4c68f99f5fc810e0e0450104aa843bd1b9092f77a0154ec4,2,D:\Good Measure\MentalWellbeingbyGeography\data\raw\abs\geography\CG_SED_2016_SED_2021.csv,data\raw\abs\geography\CG_SED_2016_SED_2021.csv,CG_SED_2016_SED_2021.csv,74820,1,keep_active_copy
27,fa64862592eb57ecf65046aaf65c402b4ff4ee7e305fe87563c3b5896203e774,2,D:\Good Measure\MentalWellbeingbyGeography\data\raw\abs\correspondences\asgs_2016_to_2021\CG_SED_2020_SED_2021.csv,data\raw\abs\correspondences\asgs_2016_to_2021\CG_SED_2020_SED_2021.csv,CG_SED_2020_SED_2021.csv,57899,0,archive_duplicate_copy
27,fa64862592eb57ecf65046aaf65c402b4ff4ee7e305fe87563c3b5896203e774,2,D:\Good Measure\MentalWellbeingbyGeography\data\raw\abs\geography\CG_SED_2020_SED_2021.csv,data\raw\abs\geography\CG_SED_2020_SED_2021.csv,CG_SED_2020_SED_2021.csv,57899,1,keep_active_copy
28,6f8b659dff9b18ca34d969d87a8e60f3388ec2c949f215dd1f4aa4f2c01eaf93,2,D:\Good Measure\MentalWellbeingbyGeography\data\raw\abs\correspondences\asgs_2016_to_2021\CG_SED_2021_SED_2022.csv,data\raw\abs\correspondences\asgs_2016_to_2021\CG_SED_2021_SED_2022.csv,CG_SED_2021_SED_2022.csv,50356,0,archive_duplicate_copy
28,6f8b659dff9b18ca34d969d87a8e60f3388ec2c949f215dd1f4aa4f2c01eaf93,2,D:\Good Measure\MentalWellbeingbyGeography\data\raw\abs\geography\CG_SED_2021_SED_2022.csv,data\raw\abs\geography\CG_SED_2021_SED_2022.csv,CG_SED_2021_SED_2022.csv,50356,1,keep_active_copy
29,40ea1ae93990b8a6ccdd61a1d66d6db0a9174ea1f06fe6e9af878b6e0b73b5b1,2,D:\Good Measure\MentalWellbeingbyGeography\data\raw\abs\correspondences\asgs_2016_to_2021\CG_SED_2022_SED_2024.csv,data\raw\abs\correspondences\asgs_2016_to_2021\CG_SED_2022_SED_2024.csv,CG_SED_2022_SED_2024.csv,33924,0,archive_duplicate_copy
29,40ea1ae93990b8a6ccdd61a1d66d6db0a9174ea1f06fe6e9af878b6e0b73b5b1,2,D:\Good Measure\MentalWellbeingbyGeography\data\raw\abs\geography\CG_SED_2022_SED_2024.csv,data\raw\abs\geography\CG_SED_2022_SED_2024.csv,CG_SED_2022_SED_2024.csv,33924,1,keep_active_copy
30,e1c931e7f6de7e4b3126fa073b0d3e763354be7caad68f2c5dfdc5c8ee1a6192,2,D:\Good Measure\MentalWellbeingbyGeography\data\raw\abs\correspondences\asgs_2016_to_2021\CG_SED_2024_SED_2025.csv,data\raw\abs\correspondences\asgs_2016_to_2021\CG_SED_2024_SED_2025.csv,CG_SED_2024_SED_2025.csv,27028,0,archive_duplicate_copy
30,e1c931e7f6de7e4b3126fa073b0d3e763354be7caad68f2c5dfdc5c8ee1a6192,2,D:\Good Measure\MentalWellbeingbyGeography\data\raw\abs\geography\CG_SED_2024_SED_2025.csv,data\raw\abs\geography\CG_SED_2024_SED_2025.csv,CG_SED_2024_SED_2025.csv,27028,1,keep_active_copy
31,a042706796c1ee4da5e59bb8678317c2f0a486acb14bf564446c6efeebc5e59d,2,D:\Good Measure\MentalWellbeingbyGeography\data\raw\abs\correspondences\asgs_2016_to_2021\CG_SOS_2016_SOS_2021_GRID16.csv,data\raw\abs\correspondences\asgs_2016_to_2021\CG_SOS_2016_SOS_2021_GRID16.csv,CG_SOS_2016_SOS_2021_GRID16.csv,6640,0,archive_duplicate_copy
31,a042706796c1ee4da5e59bb8678317c2f0a486acb14bf564446c6efeebc5e59d,2,D:\Good Measure\MentalWellbeingbyGeography\data\raw\abs\geography\CG_SOS_2016_SOS_2021_GRID16.csv,data\raw\abs\geography\CG_SOS_2016_SOS_2021_GRID16.csv,CG_SOS_2016_SOS_2021_GRID16.csv,6640,1,keep_active_copy
32,ddc51876b202e5f5f46dd1df0a7e9a6d7b41cf3d0ddca21990065f988a7ddd28,2,D:\Good Measure\MentalWellbeingbyGeography\data\raw\abs\correspondences\asgs_2016_to_2021\CG_SOSR_2016_SOSR_2021_GRID16.csv,data\raw\abs\correspondences\asgs_2016_to_2021\CG_SOSR_2016_SOSR_2021_GRID16.csv,CG_SOSR_2016_SOSR_2021_GRID16.csv,16722,0,archive_duplicate_copy
32,ddc51876b202e5f5f46dd1df0a7e9a6d7b41cf3d0ddca21990065f988a7ddd28,2,D:\Good Measure\MentalWellbeingbyGeography\data\raw\abs\geography\CG_SOSR_2016_SOSR_2021_GRID16.csv,data\raw\abs\geography\CG_SOSR_2016_SOSR_2021_GRID16.csv,CG_SOSR_2016_SOSR_2021_GRID16.csv,16722,1,keep_active_copy
33,b5b4960a5ea16bcf418d62d2f7226f5b88d1bdbacf1b56607f5da6c00bcd197f,2,D:\Good Measure\MentalWellbeingbyGeography\data\raw\abs\correspondences\asgs_2016_to_2021\CG_SSC_2016_SAL_2021.csv,data\raw\abs\correspondences\asgs_2016_to_2021\CG_SSC_2016_SAL_2021.csv,CG_SSC_2016_SAL_2021.csv,804532,0,archive_duplicate_copy
33,b5b4960a5ea16bcf418d62d2f7226f5b88d1bdbacf1b56607f5da6c00bcd197f,2,D:\Good Measure\MentalWellbeingbyGeography\data\raw\abs\geography\CG_SSC_2016_SAL_2021.csv,data\raw\abs\geography\CG_SSC_2016_SAL_2021.csv,CG_SSC_2016_SAL_2021.csv,804532,1,keep_active_copy
34,c790e70bcea378461f407baf42e7992d1ebabe1b0e6205d66e35b8f8c16ef748,2,D:\Good Measure\MentalWellbeingbyGeography\data\raw\abs\correspondences\asgs_2016_to_2021\CG_SUA_2016_SUA_2021_GRID16.csv,data\raw\abs\correspondences\asgs_2016_to_2021\CG_SUA_2016_SUA_2021_GRID16.csv,CG_SUA_2016_SUA_2021_GRID16.csv,7508,0,archive_duplicate_copy
34,c790e70bcea378461f407baf42e7992d1ebabe1b0e6205d66e35b8f8c16ef748,2,D:\Good Measure\MentalWellbeingbyGeography\data\raw\abs\geography\CG_SUA_2016_SUA_2021_GRID16.csv,data\raw\abs\geography\CG_SUA_2016_SUA_2021_GRID16.csv,CG_SUA_2016_SUA_2021_GRID16.csv,7508,1,keep_active_copy
35,816d00a2404a62602419c24be533615aaa8e0037f86b2010f628f3812642cabb,2,D:\Good Measure\MentalWellbeingbyGeography\data\raw\abs\correspondences\asgs_2016_to_2021\CG_TR_2016_TR_2021.csv,data\raw\abs\correspondences\asgs_2016_to_2021\CG_TR_2016_TR_2021.csv,CG_TR_2016_TR_2021.csv,5019,0,archive_duplicate_copy
35,816d00a2404a62602419c24be533615aaa8e0037f86b2010f628f3812642cabb,2,D:\Good Measure\MentalWellbeingbyGeography\data\raw\abs\geography\CG_TR_2016_TR_2021.csv,data\raw\abs\geography\CG_TR_2016_TR_2021.csv,CG_TR_2016_TR_2021.csv,5019,1,keep_active_copy
36,01c2488ae5ddabf6fe24388c2991a35e2edfff5b55de929b52c5680b74ed1fea,2,D:\Good Measure\MentalWellbeingbyGeography\data\raw\abs\correspondences\asgs_2016_to_2021\CG_UCL_2016_UCL_2021_GRID16.csv,data\raw\abs\correspondences\asgs_2016_to_2021\CG_UCL_2016_UCL_2021_GRID16.csv,CG_UCL_2016_UCL_2021_GRID16.csv,133170,0,archive_duplicate_copy
36,01c2488ae5ddabf6fe24388c2991a35e2edfff5b55de929b52c5680b74ed1fea,2,D:\Good Measure\MentalWellbeingbyGeography\data\raw\abs\geography\CG_UCL_2016_UCL_2021_GRID16.csv,data\raw\abs\geography\CG_UCL_2016_UCL_2021_GRID16.csv,CG_UCL_2016_UCL_2021_GRID16.csv,133170,1,keep_active_copy
37,9e1f3676f86616fa7fa8a9848a98a68f77490b87d434176c153536cb1313bd53,2,D:\Good Measure\MentalWellbeingbyGeography\data\raw\abs\geography\ADD_2021_AUST.xlsx,data\raw\abs\geography\ADD_2021_AUST.xlsx,ADD_2021_AUST.xlsx,18761474,1,keep_active_copy
37,9e1f3676f86616fa7fa8a9848a98a68f77490b87d434176c153536cb1313bd53,2,D:\Good Measure\MentalWellbeingbyGeography\data\raw\abs\remoteness\ADD_2021_AUST.xlsx,data\raw\abs\remoteness\ADD_2021_AUST.xlsx,ADD_2021_AUST.xlsx,18761474,0,archive_duplicate_copy
38,d14b0f8a8b2af78710f69dad524f71580e4afce6b5246aeb7843d7a3d1ef94cc,2,D:\Good Measure\MentalWellbeingbyGeography\data\raw\abs\geography\AUS_2021_AUST.xlsx,data\raw\abs\geography\AUS_2021_AUST.xlsx,AUS_2021_AUST.xlsx,11197,1,keep_active_copy
38,d14b0f8a8b2af78710f69dad524f71580e4afce6b5246aeb7843d7a3d1ef94cc,2,D:\Good Measure\MentalWellbeingbyGeography\data\raw\abs\remoteness\AUS_2021_AUST.xlsx,data\raw\abs\remoteness\AUS_2021_AUST.xlsx,AUS_2021_AUST.xlsx,11197,0,archive_duplicate_copy
39,ebedbb8a523c59dc31a5ed51e4b0ec9151ef89ee3f1f00fb8ad3a182ec84692b,2,D:\Good Measure\MentalWellbeingbyGeography\data\raw\abs\geography\CED_2021_AUST.xlsx,data\raw\abs\geography\CED_2021_AUST.xlsx,CED_2021_AUST.xlsx,19913668,1,keep_active_copy
39,ebedbb8a523c59dc31a5ed51e4b0ec9151ef89ee3f1f00fb8ad3a182ec84692b,2,D:\Good Measure\MentalWellbeingbyGeography\data\raw\abs\remoteness\CED_2021_AUST.xlsx,data\raw\abs\remoteness\CED_2021_AUST.xlsx,CED_2021_AUST.xlsx,19913668,0,archive_duplicate_copy
40,1358d0f2b5200a3dc5257d43e785764c965f6625533cf62869a61917288766ba,2,D:\Good Measure\MentalWellbeingbyGeography\data\raw\abs\geography\CED_2024_AUST.xlsx,data\raw\abs\geography\CED_2024_AUST.xlsx,CED_2024_AUST.xlsx,15846780,1,keep_active_copy
40,1358d0f2b5200a3dc5257d43e785764c965f6625533cf62869a61917288766ba,2,D:\Good Measure\MentalWellbeingbyGeography\data\raw\abs\remoteness\CED_2024_AUST.xlsx,data\raw\abs\remoteness\CED_2024_AUST.xlsx,CED_2024_AUST.xlsx,15846780,0,archive_duplicate_copy
41,e7c3e63b57c9f3fa3977fb0a3c999175a6a8bab59596f56c30d188527beac070,2,D:\Good Measure\MentalWellbeingbyGeography\data\raw\abs\geography\CED_2025_AUST.xlsx,data\raw\abs\geography\CED_2025_AUST.xlsx,CED_2025_AUST.xlsx,14726207,1,keep_active_copy
41,e7c3e63b57c9f3fa3977fb0a3c999175a6a8bab59596f56c30d188527beac070,2,D:\Good Measure\MentalWellbeingbyGeography\data\raw\abs\remoteness\CED_2025_AUST.xlsx,data\raw\abs\remoteness\CED_2025_AUST.xlsx,CED_2025_AUST.xlsx,14726207,0,archive_duplicate_copy
42,8ca6a3143bc59dc266d77f0b116636c12c3de91949fa7e81b1d4861efcfbd140,2,D:\Good Measure\MentalWellbeingbyGeography\data\raw\abs\geography\DZN_SA2_2021_AUST.xlsx,data\raw\abs\geography\DZN_SA2_2021_AUST.xlsx,DZN_SA2_2021_AUST.xlsx,579440,1,keep_active_copy
42,8ca6a3143bc59dc266d77f0b116636c12c3de91949fa7e81b1d4861efcfbd140,2,D:\Good Measure\MentalWellbeingbyGeography\data\raw\abs\remoteness\DZN_SA2_2021_AUST.xlsx,data\raw\abs\remoteness\DZN_SA2_2021_AUST.xlsx,DZN_SA2_2021_AUST.xlsx,579440,0,archive_duplicate_copy
43,febd301dae0d3792fd429d7c9fef68c1062c2b2406d2c92398e9a3b4d753f187,2,D:\Good Measure\MentalWellbeingbyGeography\data\raw\abs\geography\GCCSA_2021_AUST.xlsx,data\raw\abs\geography\GCCSA_2021_AUST.xlsx,GCCSA_2021_AUST.xlsx,13523,1,keep_active_copy
43,febd301dae0d3792fd429d7c9fef68c1062c2b2406d2c92398e9a3b4d753f187,2,D:\Good Measure\MentalWellbeingbyGeography\data\raw\abs\remoteness\GCCSA_2021_AUST.xlsx,data\raw\abs\remoteness\GCCSA_2021_AUST.xlsx,GCCSA_2021_AUST.xlsx,13523,0,archive_duplicate_copy
44,583bec88b3a4d73dbb3fca3ff6f62a41dd4d645e6f282c26fffd1841605a3c90,2,D:\Good Measure\MentalWellbeingbyGeography\data\raw\abs\geography\IARE_2021_AUST.xlsx,data\raw\abs\geography\IARE_2021_AUST.xlsx,IARE_2021_AUST.xlsx,44466,1,keep_active_copy
44,583bec88b3a4d73dbb3fca3ff6f62a41dd4d645e6f282c26fffd1841605a3c90,2,D:\Good Measure\MentalWellbeingbyGeography\data\raw\abs\remoteness\IARE_2021_AUST.xlsx,data\raw\abs\remoteness\IARE_2021_AUST.xlsx,IARE_2021_AUST.xlsx,44466,0,archive_duplicate_copy
45,331aecaa44b9209c42628e2c82e59898f427062690ee3e02ed4beaefd8035394,2,D:\Good Measure\MentalWellbeingbyGeography\data\raw\abs\geography\ILOC_2021_AUST.xlsx,data\raw\abs\geography\ILOC_2021_AUST.xlsx,ILOC_2021_AUST.xlsx,111055,1,keep_active_copy
45,331aecaa44b9209c42628e2c82e59898f427062690ee3e02ed4beaefd8035394,2,D:\Good Measure\MentalWellbeingbyGeography\data\raw\abs\remoteness\ILOC_2021_AUST.xlsx,data\raw\abs\remoteness\ILOC_2021_AUST.xlsx,ILOC_2021_AUST.xlsx,111055,0,archive_duplicate_copy
46,72ce4d9ed1d5f4ba4ac12c029df94ef917820758300a0ead193a1a2a67b2e39c,2,D:\Good Measure\MentalWellbeingbyGeography\data\raw\abs\geography\INDIGENOUS_STRUCTURE_ALLOCATION_2021.xlsx,data\raw\abs\geography\INDIGENOUS_STRUCTURE_ALLOCATION_2021.xlsx,INDIGENOUS_STRUCTURE_ALLOCATION_2021.xlsx,4604335,1,keep_active_copy
46,72ce4d9ed1d5f4ba4ac12c029df94ef917820758300a0ead193a1a2a67b2e39c,2,D:\Good Measure\MentalWellbeingbyGeography\data\raw\abs\remoteness\INDIGENOUS_STRUCTURE_ALLOCATION_2021.xlsx,data\raw\abs\remoteness\INDIGENOUS_STRUCTURE_ALLOCATION_2021.xlsx,INDIGENOUS_STRUCTURE_ALLOCATION_2021.xlsx,4604335,0,archive_duplicate_copy
47,7908c2c388a9c7696f7b14fb806330a4da94e65e53ab2aa51ac479f120cdafab,2,D:\Good Measure\MentalWellbeingbyGeography\data\raw\abs\geography\IREG_2021_AUST.xlsx,data\raw\abs\geography\IREG_2021_AUST.xlsx,IREG_2021_AUST.xlsx,14615,1,keep_active_copy
47,7908c2c388a9c7696f7b14fb806330a4da94e65e53ab2aa51ac479f120cdafab,2,D:\Good Measure\MentalWellbeingbyGeography\data\raw\abs\remoteness\IREG_2021_AUST.xlsx,data\raw\abs\remoteness\IREG_2021_AUST.xlsx,IREG_2021_AUST.xlsx,14615,0,archive_duplicate_copy
48,72cb3b1ded9b23c3dfe1dc0df899dc92972027ef3851c73693f66b79503129ec,2,D:\Good Measure\MentalWellbeingbyGeography\data\raw\abs\geography\LGA_2022_AUST.xlsx,data\raw\abs\geography\LGA_2022_AUST.xlsx,LGA_2022_AUST.xlsx,16372141,1,keep_active_copy
48,72cb3b1ded9b23c3dfe1dc0df899dc92972027ef3851c73693f66b79503129ec,2,D:\Good Measure\MentalWellbeingbyGeography\data\raw\abs\remoteness\LGA_2022_AUST.xlsx,data\raw\abs\remoteness\LGA_2022_AUST.xlsx,LGA_2022_AUST.xlsx,16372141,0,archive_duplicate_copy
49,6655ef185b7450c485f2493a4ee62b18a92ebc107f2f8c9ed5599dbf536715ca,2,D:\Good Measure\MentalWellbeingbyGeography\data\raw\abs\geography\LGA_2023_AUST.xlsx,data\raw\abs\geography\LGA_2023_AUST.xlsx,LGA_2023_AUST.xlsx,15739412,1,keep_active_copy
49,6655ef185b7450c485f2493a4ee62b18a92ebc107f2f8c9ed5599dbf536715ca,2,D:\Good Measure\MentalWellbeingbyGeography\data\raw\abs\remoteness\LGA_2023_AUST.xlsx,data\raw\abs\remoteness\LGA_2023_AUST.xlsx,LGA_2023_AUST.xlsx,15739412,0,archive_duplicate_copy
50,bff53667057e2d8d7414d2e339e55ee815108f8b9eb0aa67d5d9aa0d4d19bb00,2,D:\Good Measure\MentalWellbeingbyGeography\data\raw\abs\geography\LGA_2024_AUST.xlsx,data\raw\abs\geography\LGA_2024_AUST.xlsx,LGA_2024_AUST.xlsx,18448018,1,keep_active_copy
50,bff53667057e2d8d7414d2e339e55ee815108f8b9eb0aa67d5d9aa0d4d19bb00,2,D:\Good Measure\MentalWellbeingbyGeography\data\raw\abs\remoteness\LGA_2024_AUST.xlsx,data\raw\abs\remoteness\LGA_2024_AUST.xlsx,LGA_2024_AUST.xlsx,18448018,0,archive_duplicate_copy
51,81f380d213c64e96eaca2eb3f8cde41230ad6d5a5cf8ebb5c0376e5a2b90fa21,2,D:\Good Measure\MentalWellbeingbyGeography\data\raw\abs\geography\LGA_2025_AUST.xlsx,data\raw\abs\geography\LGA_2025_AUST.xlsx,LGA_2025_AUST.xlsx,14705037,1,keep_active_copy
51,81f380d213c64e96eaca2eb3f8cde41230ad6d5a5cf8ebb5c0376e5a2b90fa21,2,D:\Good Measure\MentalWellbeingbyGeography\data\raw\abs\remoteness\LGA_2025_AUST.xlsx,data\raw\abs\remoteness\LGA_2025_AUST.xlsx,LGA_2025_AUST.xlsx,14705037,0,archive_duplicate_copy
52,2cb597b5dacd4e860fe866aca072838ff0f3233656f4aca97be7284b2245eb70,2,D:\Good Measure\MentalWellbeingbyGeography\data\raw\abs\geography\MB_DZN_2021_AUST.xlsx,data\raw\abs\geography\MB_DZN_2021_AUST.xlsx,MB_DZN_2021_AUST.xlsx,24410820,1,keep_active_copy
52,2cb597b5dacd4e860fe866aca072838ff0f3233656f4aca97be7284b2245eb70,2,D:\Good Measure\MentalWellbeingbyGeography\data\raw\abs\remoteness\MB_DZN_2021_AUST.xlsx,data\raw\abs\remoteness\MB_DZN_2021_AUST.xlsx,MB_DZN_2021_AUST.xlsx,24410820,0,archive_duplicate_copy
53,e1b82115e4cb46691924f6aa996f928d3771596e1d015acc17efdd807bb12c2e,2,D:\Good Measure\MentalWellbeingbyGeography\data\raw\abs\geography\POA_2021_AUST.xlsx,data\raw\abs\geography\POA_2021_AUST.xlsx,POA_2021_AUST.xlsx,18584662,1,keep_active_copy
53,e1b82115e4cb46691924f6aa996f928d3771596e1d015acc17efdd807bb12c2e,2,D:\Good Measure\MentalWellbeingbyGeography\data\raw\abs\remoteness\POA_2021_AUST.xlsx,data\raw\abs\remoteness\POA_2021_AUST.xlsx,POA_2021_AUST.xlsx,18584662,0,archive_duplicate_copy
54,1e75ddd3c30abf1458627a54036f4c6e3a0704d4dd2bd4d270119fed89eb375c,2,D:\Good Measure\MentalWellbeingbyGeography\data\raw\abs\geography\RA_2021_AUST.xlsx,data\raw\abs\geography\RA_2021_AUST.xlsx,RA_2021_AUST.xlsx,3243428,1,keep_active_copy
54,1e75ddd3c30abf1458627a54036f4c6e3a0704d4dd2bd4d270119fed89eb375c,2,D:\Good Measure\MentalWellbeingbyGeography\data\raw\abs\remoteness\RA_2021_AUST.xlsx,data\raw\abs\remoteness\RA_2021_AUST.xlsx,RA_2021_AUST.xlsx,3243428,0,archive_duplicate_copy
55,1f8468038da7b42ef3272068d2f5fddbb8a4ef32e526df2fb5d88aa0a2a4230d,2,D:\Good Measure\MentalWellbeingbyGeography\data\raw\abs\geography\SA1_2016_CED_2021_TB_RECODES.zip,data\raw\abs\geography\SA1_2016_CED_2021_TB_RECODES.zip,SA1_2016_CED_2021_TB_RECODES.zip,428501,1,keep_active_copy
55,1f8468038da7b42ef3272068d2f5fddbb8a4ef32e526df2fb5d88aa0a2a4230d,2,D:\Good Measure\MentalWellbeingbyGeography\data\raw\abs\remoteness\SA1_2016_CED_2021_TB_RECODES.zip,data\raw\abs\remoteness\SA1_2016_CED_2021_TB_RECODES.zip,SA1_2016_CED_2021_TB_RECODES.zip,428501,0,archive_duplicate_copy
56,5ddb8f22477ede74779560e7f10e9261321591b7f87ab51bbafed69fd5c71fb5,2,D:\Good Measure\MentalWellbeingbyGeography\data\raw\abs\geography\SA1_2016_SED_2021_TB_RECODES.zip,data\raw\abs\geography\SA1_2016_SED_2021_TB_RECODES.zip,SA1_2016_SED_2021_TB_RECODES.zip,437135,1,keep_active_copy
56,5ddb8f22477ede74779560e7f10e9261321591b7f87ab51bbafed69fd5c71fb5,2,D:\Good Measure\MentalWellbeingbyGeography\data\raw\abs\remoteness\SA1_2016_SED_2021_TB_RECODES.zip,data\raw\abs\remoteness\SA1_2016_SED_2021_TB_RECODES.zip,SA1_2016_SED_2021_TB_RECODES.zip,437135,0,archive_duplicate_copy
57,3cb6d0c07d97be2837c31b7dec0d116cf8a2bb3b55ef48aae21e16f04aefea8a,2,D:\Good Measure\MentalWellbeingbyGeography\data\raw\abs\geography\SA1_2021_AUST.xlsx,data\raw\abs\geography\SA1_2021_AUST.xlsx,SA1_2021_AUST.xlsx,5104073,1,keep_active_copy
57,3cb6d0c07d97be2837c31b7dec0d116cf8a2bb3b55ef48aae21e16f04aefea8a,2,D:\Good Measure\MentalWellbeingbyGeography\data\raw\abs\remoteness\SA1_2021_AUST.xlsx,data\raw\abs\remoteness\SA1_2021_AUST.xlsx,SA1_2021_AUST.xlsx,5104073,0,archive_duplicate_copy
58,953cebfb02e55c7c36ed7f5c202d88a287528d9188d2f2f7d2b32b95834115b4,2,D:\Good Measure\MentalWellbeingbyGeography\data\raw\abs\geography\SA2_2021_AUST.xlsx,data\raw\abs\geography\SA2_2021_AUST.xlsx,SA2_2021_AUST.xlsx,250022,1,keep_active_copy
58,953cebfb02e55c7c36ed7f5c202d88a287528d9188d2f2f7d2b32b95834115b4,2,D:\Good Measure\MentalWellbeingbyGeography\data\raw\abs\remoteness\SA2_2021_AUST.xlsx,data\raw\abs\remoteness\SA2_2021_AUST.xlsx,SA2_2021_AUST.xlsx,250022,0,archive_duplicate_copy
59,96da2bdb08be2abaf36bebb97cacdf31281a60091a3d9ef3119aea5102a9b877,2,D:\Good Measure\MentalWellbeingbyGeography\data\raw\abs\geography\SA3_2021_AUST.xlsx,data\raw\abs\geography\SA3_2021_AUST.xlsx,SA3_2021_AUST.xlsx,43451,1,keep_active_copy
59,96da2bdb08be2abaf36bebb97cacdf31281a60091a3d9ef3119aea5102a9b877,2,D:\Good Measure\MentalWellbeingbyGeography\data\raw\abs\remoteness\SA3_2021_AUST.xlsx,data\raw\abs\remoteness\SA3_2021_AUST.xlsx,SA3_2021_AUST.xlsx,43451,0,archive_duplicate_copy
60,8a30d9c29236dcf7091679201a4ae5cc676702fb6343b8d70f825e5ab40345e8,2,D:\Good Measure\MentalWellbeingbyGeography\data\raw\abs\geography\SA4_2021_AUST.xlsx,data\raw\abs\geography\SA4_2021_AUST.xlsx,SA4_2021_AUST.xlsx,19737,1,keep_active_copy
60,8a30d9c29236dcf7091679201a4ae5cc676702fb6343b8d70f825e5ab40345e8,2,D:\Good Measure\MentalWellbeingbyGeography\data\raw\abs\remoteness\SA4_2021_AUST.xlsx,data\raw\abs\remoteness\SA4_2021_AUST.xlsx,SA4_2021_AUST.xlsx,19737,0,archive_duplicate_copy
61,e6be7af2fc4670375d49dfd9d83c98d48eea5049d038327d8eea94b598c7c9a3,2,D:\Good Measure\MentalWellbeingbyGeography\data\raw\abs\geography\SAL_2021_AUST.xlsx,data\raw\abs\geography\SAL_2021_AUST.xlsx,SAL_2021_AUST.xlsx,20446326,1,keep_active_copy
61,e6be7af2fc4670375d49dfd9d83c98d48eea5049d038327d8eea94b598c7c9a3,2,D:\Good Measure\MentalWellbeingbyGeography\data\raw\abs\remoteness\SAL_2021_AUST.xlsx,data\raw\abs\remoteness\SAL_2021_AUST.xlsx,SAL_2021_AUST.xlsx,20446326,0,archive_duplicate_copy
62,14ad1f37ef34f9a03f565f7d8ceed0968bf7c65f75e4ffdae52ba46168a595b2,2,D:\Good Measure\MentalWellbeingbyGeography\data\raw\abs\geography\SED_2021_AUST.xlsx,data\raw\abs\geography\SED_2021_AUST.xlsx,SED_2021_AUST.xlsx,19892772,1,keep_active_copy
62,14ad1f37ef34f9a03f565f7d8ceed0968bf7c65f75e4ffdae52ba46168a595b2,2,D:\Good Measure\MentalWellbeingbyGeography\data\raw\abs\remoteness\SED_2021_AUST.xlsx,data\raw\abs\remoteness\SED_2021_AUST.xlsx,SED_2021_AUST.xlsx,19892772,0,archive_duplicate_copy
63,a2a6e2463933175086d95f6c91e0067e358cb090d9c757611a9d0a920f97a918,2,D:\Good Measure\MentalWellbeingbyGeography\data\raw\abs\geography\SED_2022_AUST.xlsx,data\raw\abs\geography\SED_2022_AUST.xlsx,SED_2022_AUST.xlsx,16438846,1,keep_active_copy
63,a2a6e2463933175086d95f6c91e0067e358cb090d9c757611a9d0a920f97a918,2,D:\Good Measure\MentalWellbeingbyGeography\data\raw\abs\remoteness\SED_2022_AUST.xlsx,data\raw\abs\remoteness\SED_2022_AUST.xlsx,SED_2022_AUST.xlsx,16438846,0,archive_duplicate_copy
64,d7bb5b2338f4dd87d2779276272334d5df382d9df41f9a86cf3cd402cd9530ad,2,D:\Good Measure\MentalWellbeingbyGeography\data\raw\abs\geography\SED_2024_AUST.xlsx,data\raw\abs\geography\SED_2024_AUST.xlsx,SED_2024_AUST.xlsx,18501687,1,keep_active_copy
64,d7bb5b2338f4dd87d2779276272334d5df382d9df41f9a86cf3cd402cd9530ad,2,D:\Good Measure\MentalWellbeingbyGeography\data\raw\abs\remoteness\SED_2024_AUST.xlsx,data\raw\abs\remoteness\SED_2024_AUST.xlsx,SED_2024_AUST.xlsx,18501687,0,archive_duplicate_copy
65,f2ba7d1102b6c57844921a64feb9fcbb56ba66d20fde2ad4a7eb186cfb1ae032,2,D:\Good Measure\MentalWellbeingbyGeography\data\raw\abs\geography\SED_2025_AUST.xlsx,data\raw\abs\geography\SED_2025_AUST.xlsx,SED_2025_AUST.xlsx,14730304,1,keep_active_copy
65,f2ba7d1102b6c57844921a64feb9fcbb56ba66d20fde2ad4a7eb186cfb1ae032,2,D:\Good Measure\MentalWellbeingbyGeography\data\raw\abs\remoteness\SED_2025_AUST.xlsx,data\raw\abs\remoteness\SED_2025_AUST.xlsx,SED_2025_AUST.xlsx,14730304,0,archive_duplicate_copy
66,06b57a6cb619b90cbcdd6dcab772fa936145db66f14135e8643474d79d2b00f7,2,D:\Good Measure\MentalWellbeingbyGeography\data\raw\abs\geography\STE_2021_AUST.xlsx,data\raw\abs\geography\STE_2021_AUST.xlsx,STE_2021_AUST.xlsx,11776,1,keep_active_copy
66,06b57a6cb619b90cbcdd6dcab772fa936145db66f14135e8643474d79d2b00f7,2,D:\Good Measure\MentalWellbeingbyGeography\data\raw\abs\remoteness\STE_2021_AUST.xlsx,data\raw\abs\remoteness\STE_2021_AUST.xlsx,STE_2021_AUST.xlsx,11776,0,archive_duplicate_copy
67,d38659d2ded15a196d56c00f89708b1b6b56712c176297c7d68f43503db2a29c,2,D:\Good Measure\MentalWellbeingbyGeography\data\raw\abs\geography\SUA_2021_AUST.xlsx,data\raw\abs\geography\SUA_2021_AUST.xlsx,SUA_2021_AUST.xlsx,185417,1,keep_active_copy
67,d38659d2ded15a196d56c00f89708b1b6b56712c176297c7d68f43503db2a29c,2,D:\Good Measure\MentalWellbeingbyGeography\data\raw\abs\remoteness\SUA_2021_AUST.xlsx,data\raw\abs\remoteness\SUA_2021_AUST.xlsx,SUA_2021_AUST.xlsx,185417,0,archive_duplicate_copy
68,a58f58213aaeb394caf7b54c77cbcfdfc534a20320faecf05be4e82880a6496d,2,D:\Good Measure\MentalWellbeingbyGeography\data\raw\abs\geography\SUA_association_2016_2021.xlsx,data\raw\abs\geography\SUA_association_2016_2021.xlsx,SUA_association_2016_2021.xlsx,15647,1,keep_active_copy
68,a58f58213aaeb394caf7b54c77cbcfdfc534a20320faecf05be4e82880a6496d,2,D:\Good Measure\MentalWellbeingbyGeography\data\raw\abs\remoteness\SUA_association_2016_2021.xlsx,data\raw\abs\remoteness\SUA_association_2016_2021.xlsx,SUA_association_2016_2021.xlsx,15647,0,archive_duplicate_copy
69,1c9d87587b4bde1b831b5efdb21b0975fc0a3e284388a5809e5fffa7b3cf436d,2,D:\Good Measure\MentalWellbeingbyGeography\data\raw\abs\geography\TR_2021_AUST.xlsx,data\raw\abs\geography\TR_2021_AUST.xlsx,TR_2021_AUST.xlsx,198150,1,keep_active_copy
69,1c9d87587b4bde1b831b5efdb21b0975fc0a3e284388a5809e5fffa7b3cf436d,2,D:\Good Measure\MentalWellbeingbyGeography\data\raw\abs\remoteness\TR_2021_AUST.xlsx,data\raw\abs\remoteness\TR_2021_AUST.xlsx,TR_2021_AUST.xlsx,198150,0,archive_duplicate_copy
70,e52ba205b291abf83137b8d0c280ce37485ec1082f5ea7121d9e84bcfc08861a,2,D:\Good Measure\MentalWellbeingbyGeography\data\raw\abs\geography\UCL_association_2016_2021.xlsx,data\raw\abs\geography\UCL_association_2016_2021.xlsx,UCL_association_2016_2021.xlsx,184956,1,keep_active_copy
70,e52ba205b291abf83137b8d0c280ce37485ec1082f5ea7121d9e84bcfc08861a,2,D:\Good Measure\MentalWellbeingbyGeography\data\raw\abs\remoteness\UCL_association_2016_2021.xlsx,data\raw\abs\remoteness\UCL_association_2016_2021.xlsx,UCL_association_2016_2021.xlsx,184956,0,archive_duplicate_copy
71,5679d4bf1c62386313631f2690c8f9f0e4e437bdd5a0a040e6862bd4b62a60df,2,D:\Good Measure\MentalWellbeingbyGeography\data\raw\abs\geography\UCL_SOSR_SOS_2021_AUST.xlsx,data\raw\abs\geography\UCL_SOSR_SOS_2021_AUST.xlsx,UCL_SOSR_SOS_2021_AUST.xlsx,4459966,1,keep_active_copy
71,5679d4bf1c62386313631f2690c8f9f0e4e437bdd5a0a040e6862bd4b62a60df,2,D:\Good Measure\MentalWellbeingbyGeography\data\raw\abs\remoteness\UCL_SOSR_SOS_2021_AUST.xlsx,data\raw\abs\remoteness\UCL_SOSR_SOS_2021_AUST.xlsx,UCL_SOSR_SOS_2021_AUST.xlsx,4459966,0,archive_duplicate_copy
72,1dee2728593d86ddda792a255d996b54a1d5db2ad80af4650bc37593b0feb508,2,D:\Good Measure\MentalWellbeingbyGeography\data\raw\abs\seifa\Commonwealth_Electoral_Division_2C_Population_Distributions_2C_SEIFA_2021.xlsx,data\raw\abs\seifa\Commonwealth_Electoral_Division_2C_Population_Distributions_2C_SEIFA_2021.xlsx,Commonwealth_Electoral_Division_2C_Population_Distributions_2C_SEIFA_2021.xlsx,274033,1,keep_active_copy
72,1dee2728593d86ddda792a255d996b54a1d5db2ad80af4650bc37593b0feb508,2,"D:\Good Measure\MentalWellbeingbyGeography\data\raw\abs\seifa\Population-distribution-data-cubes-all\Commonwealth Electoral Division, Population Distributions, SEIFA 2021.xlsx","data\raw\abs\seifa\Population-distribution-data-cubes-all\Commonwealth Electoral Division, Population Distributions, SEIFA 2021.xlsx","Commonwealth Electoral Division, Population Distributions, SEIFA 2021.xlsx",274033,0,archive_duplicate_copy
73,a2773dbd42a0a4299d1c2f26b0796450192c57c0a74d7379af4ae534f5973bf4,2,D:\Good Measure\MentalWellbeingbyGeography\data\raw\abs\seifa\Commonwealth_Electoral_Division_2C_SA1_Distributions_2C_SEIFA_2021.xlsx,data\raw\abs\seifa\Commonwealth_Electoral_Division_2C_SA1_Distributions_2C_SEIFA_2021.xlsx,Commonwealth_Electoral_Division_2C_SA1_Distributions_2C_SEIFA_2021.xlsx,107564,1,keep_active_copy
73,a2773dbd42a0a4299d1c2f26b0796450192c57c0a74d7379af4ae534f5973bf4,2,"D:\Good Measure\MentalWellbeingbyGeography\data\raw\abs\seifa\SA1-distribution-data-cubes-all\Commonwealth Electoral Division, SA1 Distributions, SEIFA 2021.xlsx","data\raw\abs\seifa\SA1-distribution-data-cubes-all\Commonwealth Electoral Division, SA1 Distributions, SEIFA 2021.xlsx","Commonwealth Electoral Division, SA1 Distributions, SEIFA 2021.xlsx",107564,0,archive_duplicate_copy
74,fc62072e5488938e4ff416d415af29e29707ca44f258822c2618cc1464c5d6d5,2,"D:\Good Measure\MentalWellbeingbyGeography\data\raw\abs\seifa\Index-data-cubes-all\Local Government Area, Indexes, SEIFA 2021.xlsx","data\raw\abs\seifa\Index-data-cubes-all\Local Government Area, Indexes, SEIFA 2021.xlsx","Local Government Area, Indexes, SEIFA 2021.xlsx",393344,0,archive_duplicate_copy
74,fc62072e5488938e4ff416d415af29e29707ca44f258822c2618cc1464c5d6d5,2,D:\Good Measure\MentalWellbeingbyGeography\data\raw\abs\seifa\Local_Government_Area_2C_Indexes_2C_SEIFA_2021.xlsx,data\raw\abs\seifa\Local_Government_Area_2C_Indexes_2C_SEIFA_2021.xlsx,Local_Government_Area_2C_Indexes_2C_SEIFA_2021.xlsx,393344,1,keep_active_copy
75,7b001c4a675d8f26c7dd48192ce724a8cba54948124b171058c40ab600edda6c,2,"D:\Good Measure\MentalWellbeingbyGeography\data\raw\abs\seifa\Index-data-cubes-all\Postal Area, Indexes, SEIFA 2021.xlsx","data\raw\abs\seifa\Index-data-cubes-all\Postal Area, Indexes, SEIFA 2021.xlsx","Postal Area, Indexes, SEIFA 2021.xlsx",1393579,0,archive_duplicate_copy
75,7b001c4a675d8f26c7dd48192ce724a8cba54948124b171058c40ab600edda6c,2,D:\Good Measure\MentalWellbeingbyGeography\data\raw\abs\seifa\Postal_Area_2C_Indexes_2C_SEIFA_2021.xlsx,data\raw\abs\seifa\Postal_Area_2C_Indexes_2C_SEIFA_2021.xlsx,Postal_Area_2C_Indexes_2C_SEIFA_2021.xlsx,1393579,1,keep_active_copy
76,598cf9c360a692205af8b3b0febfe00a884eaebc80dad806fafd770b5a987f65,2,"D:\Good Measure\MentalWellbeingbyGeography\data\raw\abs\seifa\Index-data-cubes-all\Statistical Area Level 1, Indexes, SEIFA 2021.xlsx","data\raw\abs\seifa\Index-data-cubes-all\Statistical Area Level 1, Indexes, SEIFA 2021.xlsx","Statistical Area Level 1, Indexes, SEIFA 2021.xlsx",24375522,0,archive_duplicate_copy
76,598cf9c360a692205af8b3b0febfe00a884eaebc80dad806fafd770b5a987f65,2,D:\Good Measure\MentalWellbeingbyGeography\data\raw\abs\seifa\Statistical_Area_Level_1_2C_Indexes_2C_SEIFA_2021.xlsx,data\raw\abs\seifa\Statistical_Area_Level_1_2C_Indexes_2C_SEIFA_2021.xlsx,Statistical_Area_Level_1_2C_Indexes_2C_SEIFA_2021.xlsx,24375522,1,keep_active_copy
77,372124bbf1044e03216f87188f98b82d39a5a03a5138ed05e8f222abf8faf4f0,3,"D:\Good Measure\MentalWellbeingbyGeography\data\raw\abs\seifa\Index-data-cubes-all\Statistical Area Level 2, Indexes, SEIFA 2021.xlsx","data\raw\abs\seifa\Index-data-cubes-all\Statistical Area Level 2, Indexes, SEIFA 2021.xlsx","Statistical Area Level 2, Indexes, SEIFA 2021.xlsx",1316059,0,archive_duplicate_copy
77,372124bbf1044e03216f87188f98b82d39a5a03a5138ed05e8f222abf8faf4f0,3,D:\Good Measure\MentalWellbeingbyGeography\data\raw\abs\seifa\Statistical_Area_Level_2_2C_Indexes_2C_SEIFA_2021.xlsx,data\raw\abs\seifa\Statistical_Area_Level_2_2C_Indexes_2C_SEIFA_2021.xlsx,Statistical_Area_Level_2_2C_Indexes_2C_SEIFA_2021.xlsx,1316059,0,archive_duplicate_copy
77,372124bbf1044e03216f87188f98b82d39a5a03a5138ed05e8f222abf8faf4f0,3,D:\Good Measure\MentalWellbeingbyGeography\data\raw\abs\seifa\Statistical_Area_Level_2_Indexes_SEIFA_2021.xlsx,data\raw\abs\seifa\Statistical_Area_Level_2_Indexes_SEIFA_2021.xlsx,Statistical_Area_Level_2_Indexes_SEIFA_2021.xlsx,1316059,1,keep_active_copy
78,db20381b076ce5c7693ec206f701be8749cf7585d4bce339c2d081fcdb5637c6,2,"D:\Good Measure\MentalWellbeingbyGeography\data\raw\abs\seifa\Index-data-cubes-all\Suburbs and Localities, Indexes, SEIFA 2021.xlsx","data\raw\abs\seifa\Index-data-cubes-all\Suburbs and Localities, Indexes, SEIFA 2021.xlsx","Suburbs and Localities, Indexes, SEIFA 2021.xlsx",7099760,0,archive_duplicate_copy
78,db20381b076ce5c7693ec206f701be8749cf7585d4bce339c2d081fcdb5637c6,2,D:\Good Measure\MentalWellbeingbyGeography\data\raw\abs\seifa\Suburbs_and_Localities_2C_Indexes_2C_SEIFA_2021.xlsx,data\raw\abs\seifa\Suburbs_and_Localities_2C_Indexes_2C_SEIFA_2021.xlsx,Suburbs_and_Localities_2C_Indexes_2C_SEIFA_2021.xlsx,7099760,1,keep_active_copy
79,67f4706a5b2dcd1bd87d9e6d825167c43aa376c60de14f2a8064523cfed51dcc,2,D:\Good Measure\MentalWellbeingbyGeography\data\raw\abs\seifa\Local_Government_Area_2C_Population_Distributions_2C_SEIFA_2021.xlsx,data\raw\abs\seifa\Local_Government_Area_2C_Population_Distributions_2C_SEIFA_2021.xlsx,Local_Government_Area_2C_Population_Distributions_2C_SEIFA_2021.xlsx,502477,1,keep_active_copy
79,67f4706a5b2dcd1bd87d9e6d825167c43aa376c60de14f2a8064523cfed51dcc,2,"D:\Good Measure\MentalWellbeingbyGeography\data\raw\abs\seifa\Population-distribution-data-cubes-all\Local Government Area, Population Distributions, SEIFA 2021.xlsx","data\raw\abs\seifa\Population-distribution-data-cubes-all\Local Government Area, Population Distributions, SEIFA 2021.xlsx","Local Government Area, Population Distributions, SEIFA 2021.xlsx",502477,0,archive_duplicate_copy
80,ce406adc17ac1776ce4286157004d27cc2036fc27ae5558cc3359d6b7d889c2d,2,D:\Good Measure\MentalWellbeingbyGeography\data\raw\abs\seifa\Local_Government_Area_2C_SA1_Distributions_2C_SEIFA_2021.xlsx,data\raw\abs\seifa\Local_Government_Area_2C_SA1_Distributions_2C_SEIFA_2021.xlsx,Local_Government_Area_2C_SA1_Distributions_2C_SEIFA_2021.xlsx,224096,1,keep_active_copy
80,ce406adc17ac1776ce4286157004d27cc2036fc27ae5558cc3359d6b7d889c2d,2,"D:\Good Measure\MentalWellbeingbyGeography\data\raw\abs\seifa\SA1-distribution-data-cubes-all\Local Government Area, SA1 Distributions, SEIFA 2021.xlsx","data\raw\abs\seifa\SA1-distribution-data-cubes-all\Local Government Area, SA1 Distributions, SEIFA 2021.xlsx","Local Government Area, SA1 Distributions, SEIFA 2021.xlsx",224096,0,archive_duplicate_copy
81,45671c930d35d3b58b2d017382e3c615526c3475872ea895260a2d0975e6fd6a,2,"D:\Good Measure\MentalWellbeingbyGeography\data\raw\abs\seifa\Population-distribution-data-cubes-all\State Electoral Division, Population Distributions, SEIFA 2021.xlsx","data\raw\abs\seifa\Population-distribution-data-cubes-all\State Electoral Division, Population Distributions, SEIFA 2021.xlsx","State Electoral Division, Population Distributions, SEIFA 2021.xlsx",456673,0,archive_duplicate_copy
81,45671c930d35d3b58b2d017382e3c615526c3475872ea895260a2d0975e6fd6a,2,D:\Good Measure\MentalWellbeingbyGeography\data\raw\abs\seifa\State_Electoral_Division_2C_Population_Distributions_2C_SEIFA_2021.xlsx,data\raw\abs\seifa\State_Electoral_Division_2C_Population_Distributions_2C_SEIFA_2021.xlsx,State_Electoral_Division_2C_Population_Distributions_2C_SEIFA_2021.xlsx,456673,1,keep_active_copy
82,c245684267536aafc946cd6536ec4d32c7040ffbf38ba9436bda7d353db926d6,2,"D:\Good Measure\MentalWellbeingbyGeography\data\raw\abs\seifa\Population-distribution-data-cubes-all\Statistical Area Level 3, Population Distributions, SEIFA 2021.xlsx","data\raw\abs\seifa\Population-distribution-data-cubes-all\Statistical Area Level 3, Population Distributions, SEIFA 2021.xlsx","Statistical Area Level 3, Population Distributions, SEIFA 2021.xlsx",399498,0,archive_duplicate_copy
82,c245684267536aafc946cd6536ec4d32c7040ffbf38ba9436bda7d353db926d6,2,D:\Good Measure\MentalWellbeingbyGeography\data\raw\abs\seifa\Statistical_Area_Level_3_2C_Population_Distributions_2C_SEIFA_2021.xlsx,data\raw\abs\seifa\Statistical_Area_Level_3_2C_Population_Distributions_2C_SEIFA_2021.xlsx,Statistical_Area_Level_3_2C_Population_Distributions_2C_SEIFA_2021.xlsx,399498,1,keep_active_copy
83,505ab52644931c74250669f01d437486b466842be19766c4139472f6159d96e5,2,"D:\Good Measure\MentalWellbeingbyGeography\data\raw\abs\seifa\Population-distribution-data-cubes-all\Statistical Area Level 4, Population Distributions, SEIFA 2021.xlsx","data\raw\abs\seifa\Population-distribution-data-cubes-all\Statistical Area Level 4, Population Distributions, SEIFA 2021.xlsx","Statistical Area Level 4, Population Distributions, SEIFA 2021.xlsx",233400,0,archive_duplicate_copy
83,505ab52644931c74250669f01d437486b466842be19766c4139472f6159d96e5,2,D:\Good Measure\MentalWellbeingbyGeography\data\raw\abs\seifa\Statistical_Area_Level_4_2C_Population_Distributions_2C_SEIFA_2021.xlsx,data\raw\abs\seifa\Statistical_Area_Level_4_2C_Population_Distributions_2C_SEIFA_2021.xlsx,Statistical_Area_Level_4_2C_Population_Distributions_2C_SEIFA_2021.xlsx,233400,1,keep_active_copy
84,f22cfea5fd1ac41b8a76731d6b2f8e3fa75d1241265022bc966c4fb4e8f79e9b,2,D:\Good Measure\MentalWellbeingbyGeography\data\raw\abs\seifa\Postal_Area_2C_SA1_Distributions_2C_SEIFA_2021.xlsx,data\raw\abs\seifa\Postal_Area_2C_SA1_Distributions_2C_SEIFA_2021.xlsx,Postal_Area_2C_SA1_Distributions_2C_SEIFA_2021.xlsx,714989,1,keep_active_copy
84,f22cfea5fd1ac41b8a76731d6b2f8e3fa75d1241265022bc966c4fb4e8f79e9b,2,"D:\Good Measure\MentalWellbeingbyGeography\data\raw\abs\seifa\SA1-distribution-data-cubes-all\Postal Area, SA1 Distributions, SEIFA 2021.xlsx","data\raw\abs\seifa\SA1-distribution-data-cubes-all\Postal Area, SA1 Distributions, SEIFA 2021.xlsx","Postal Area, SA1 Distributions, SEIFA 2021.xlsx",714989,0,archive_duplicate_copy
85,c6ffac31b79627fd30972858622e97b78f54279d4d37bd3efccc32baeebd125a,2,"D:\Good Measure\MentalWellbeingbyGeography\data\raw\abs\seifa\SA1-distribution-data-cubes-all\State Electoral Division, SA1 Distributions, SEIFA 2021.xlsx","data\raw\abs\seifa\SA1-distribution-data-cubes-all\State Electoral Division, SA1 Distributions, SEIFA 2021.xlsx","State Electoral Division, SA1 Distributions, SEIFA 2021.xlsx",184919,0,archive_duplicate_copy
85,c6ffac31b79627fd30972858622e97b78f54279d4d37bd3efccc32baeebd125a,2,D:\Good Measure\MentalWellbeingbyGeography\data\raw\abs\seifa\State_Electoral_Division_2C_SA1_Distributions_2C_SEIFA_2021.xlsx,data\raw\abs\seifa\State_Electoral_Division_2C_SA1_Distributions_2C_SEIFA_2021.xlsx,State_Electoral_Division_2C_SA1_Distributions_2C_SEIFA_2021.xlsx,184919,1,keep_active_copy
86,dfd869340998c4178d63c7f598bdeb17d455029b54892e76d6a4046d0f9f271b,2,"D:\Good Measure\MentalWellbeingbyGeography\data\raw\abs\seifa\SA1-distribution-data-cubes-all\Statistical Area Level 2, SA1 Distributions, SEIFA 2021.xlsx","data\raw\abs\seifa\SA1-distribution-data-cubes-all\Statistical Area Level 2, SA1 Distributions, SEIFA 2021.xlsx","Statistical Area Level 2, SA1 Distributions, SEIFA 2021.xlsx",736237,0,archive_duplicate_copy
86,dfd869340998c4178d63c7f598bdeb17d455029b54892e76d6a4046d0f9f271b,2,D:\Good Measure\MentalWellbeingbyGeography\data\raw\abs\seifa\Statistical_Area_Level_2_2C_SA1_Distributions_2C_SEIFA_2021.xlsx,data\raw\abs\seifa\Statistical_Area_Level_2_2C_SA1_Distributions_2C_SEIFA_2021.xlsx,Statistical_Area_Level_2_2C_SA1_Distributions_2C_SEIFA_2021.xlsx,736237,1,keep_active_copy
87,2ce0cff81d99abf1ba54af4cbfa08a55eed9e77badbe7ed54c4e10f88ace6cb1,2,"D:\Good Measure\MentalWellbeingbyGeography\data\raw\abs\seifa\SA1-distribution-data-cubes-all\Statistical Area Level 3, SA1 Distributions, SEIFA 2021.xlsx","data\raw\abs\seifa\SA1-distribution-data-cubes-all\Statistical Area Level 3, SA1 Distributions, SEIFA 2021.xlsx","Statistical Area Level 3, SA1 Distributions, SEIFA 2021.xlsx",170030,0,archive_duplicate_copy
87,2ce0cff81d99abf1ba54af4cbfa08a55eed9e77badbe7ed54c4e10f88ace6cb1,2,D:\Good Measure\MentalWellbeingbyGeography\data\raw\abs\seifa\Statistical_Area_Level_3_2C_SA1_Distributions_2C_SEIFA_2021.xlsx,data\raw\abs\seifa\Statistical_Area_Level_3_2C_SA1_Distributions_2C_SEIFA_2021.xlsx,Statistical_Area_Level_3_2C_SA1_Distributions_2C_SEIFA_2021.xlsx,170030,1,keep_active_copy
88,e666835d5e43ba4e7d692df92cccbef6ab96e1372607f5b7e20e1d8f1203418e,2,"D:\Good Measure\MentalWellbeingbyGeography\data\raw\abs\seifa\SA1-distribution-data-cubes-all\Statistical Area Level 4, SA1 Distributions, SEIFA 2021.xlsx","data\raw\abs\seifa\SA1-distribution-data-cubes-all\Statistical Area Level 4, SA1 Distributions, SEIFA 2021.xlsx","Statistical Area Level 4, SA1 Distributions, SEIFA 2021.xlsx",90155,0,archive_duplicate_copy
88,e666835d5e43ba4e7d692df92cccbef6ab96e1372607f5b7e20e1d8f1203418e,2,D:\Good Measure\MentalWellbeingbyGeography\data\raw\abs\seifa\Statistical_Area_Level_4_2C_SA1_Distributions_2C_SEIFA_2021.xlsx,data\raw\abs\seifa\Statistical_Area_Level_4_2C_SA1_Distributions_2C_SEIFA_2021.xlsx,Statistical_Area_Level_4_2C_SA1_Distributions_2C_SEIFA_2021.xlsx,90155,1,keep_active_copy
89,5070913e73162a1a41a4397100ca73d9395976c0b6f254279c76979c0e03e262,2,"D:\Good Measure\MentalWellbeingbyGeography\data\raw\abs\seifa\SA1-distribution-data-cubes-all\Suburbs and Localities, SA1 Distributions, SEIFA 2021.xlsx","data\raw\abs\seifa\SA1-distribution-data-cubes-all\Suburbs and Localities, SA1 Distributions, SEIFA 2021.xlsx","Suburbs and Localities, SA1 Distributions, SEIFA 2021.xlsx",3863613,0,archive_duplicate_copy
89,5070913e73162a1a41a4397100ca73d9395976c0b6f254279c76979c0e03e262,2,D:\Good Measure\MentalWellbeingbyGeography\data\raw\abs\seifa\Suburbs_and_Localities_2C_SA1_Distributions_2C_SEIFA_2021.xlsx,data\raw\abs\seifa\Suburbs_and_Localities_2C_SA1_Distributions_2C_SEIFA_2021.xlsx,Suburbs_and_Localities_2C_SA1_Distributions_2C_SEIFA_2021.xlsx,3863613,1,keep_active_copy
