archive_path,archive_name,member_name,member_extension,member_file_size,member_compress_size,member_is_dir,member_is_candidate_data,detected_geographies
D:\Good Measure\MentalWellbeingbyGeography\data\raw\abs\_archive\pre_freeze_cleanup_v19_20260622_121918\duplicate_exact_sha_copies\data\raw\abs\remoteness\SA1_2016_CED_2021_TB_RECODES.zip,SA1_2016_CED_2021_TB_RECODES.zip,2021_ced_act_en.csv,.csv,152484,5200,0,1,unknown
D:\Good Measure\MentalWellbeingbyGeography\data\raw\abs\_archive\pre_freeze_cleanup_v19_20260622_121918\duplicate_exact_sha_copies\data\raw\abs\remoteness\SA1_2016_CED_2021_TB_RECODES.zip,SA1_2016_CED_2021_TB_RECODES.zip,2021_ced_act_ur.csv,.csv,169838,5323,0,1,unknown
D:\Good Measure\MentalWellbeingbyGeography\data\raw\abs\_archive\pre_freeze_cleanup_v19_20260622_121918\duplicate_exact_sha_copies\data\raw\abs\remoteness\SA1_2016_CED_2021_TB_RECODES.zip,SA1_2016_CED_2021_TB_RECODES.zip,2021_ced_nsw_en.csv,.csv,2475424,64899,0,1,unknown
D:\Good Measure\MentalWellbeingbyGeography\data\raw\abs\_archive\pre_freeze_cleanup_v19_20260622_121918\duplicate_exact_sha_copies\data\raw\abs\remoteness\SA1_2016_CED_2021_TB_RECODES.zip,SA1_2016_CED_2021_TB_RECODES.zip,2021_ced_nsw_ur.csv,.csv,2751558,66360,0,1,unknown
D:\Good Measure\MentalWellbeingbyGeography\data\raw\abs\_archive\pre_freeze_cleanup_v19_20260622_121918\duplicate_exact_sha_copies\data\raw\abs\remoteness\SA1_2016_CED_2021_TB_RECODES.zip,SA1_2016_CED_2021_TB_RECODES.zip,2021_ced_nt_en.csv,.csv,84297,3148,0,1,unknown
D:\Good Measure\MentalWellbeingbyGeography\data\raw\abs\_archive\pre_freeze_cleanup_v19_20260622_121918\duplicate_exact_sha_copies\data\raw\abs\remoteness\SA1_2016_CED_2021_TB_RECODES.zip,SA1_2016_CED_2021_TB_RECODES.zip,2021_ced_nt_ur.csv,.csv,93835,3132,0,1,unknown
D:\Good Measure\MentalWellbeingbyGeography\data\raw\abs\_archive\pre_freeze_cleanup_v19_20260622_121918\duplicate_exact_sha_copies\data\raw\abs\remoteness\SA1_2016_CED_2021_TB_RECODES.zip,SA1_2016_CED_2021_TB_RECODES.zip,2021_ced_ot_en.csv,.csv,2928,273,0,1,unknown
D:\Good Measure\MentalWellbeingbyGeography\data\raw\abs\_archive\pre_freeze_cleanup_v19_20260622_121918\duplicate_exact_sha_copies\data\raw\abs\remoteness\SA1_2016_CED_2021_TB_RECODES.zip,SA1_2016_CED_2021_TB_RECODES.zip,2021_ced_ot_ur.csv,.csv,3406,312,0,1,unknown
D:\Good Measure\MentalWellbeingbyGeography\data\raw\abs\_archive\pre_freeze_cleanup_v19_20260622_121918\duplicate_exact_sha_copies\data\raw\abs\remoteness\SA1_2016_CED_2021_TB_RECODES.zip,SA1_2016_CED_2021_TB_RECODES.zip,2021_ced_qld_en.csv,.csv,1546561,43731,0,1,unknown
D:\Good Measure\MentalWellbeingbyGeography\data\raw\abs\_archive\pre_freeze_cleanup_v19_20260622_121918\duplicate_exact_sha_copies\data\raw\abs\remoteness\SA1_2016_CED_2021_TB_RECODES.zip,SA1_2016_CED_2021_TB_RECODES.zip,2021_ced_qld_ur.csv,.csv,1720155,44294,0,1,unknown
D:\Good Measure\MentalWellbeingbyGeography\data\raw\abs\_archive\pre_freeze_cleanup_v19_20260622_121918\duplicate_exact_sha_copies\data\raw\abs\remoteness\SA1_2016_CED_2021_TB_RECODES.zip,SA1_2016_CED_2021_TB_RECODES.zip,2021_ced_sa_en.csv,.csv,565170,16244,0,1,unknown
D:\Good Measure\MentalWellbeingbyGeography\data\raw\abs\_archive\pre_freeze_cleanup_v19_20260622_121918\duplicate_exact_sha_copies\data\raw\abs\remoteness\SA1_2016_CED_2021_TB_RECODES.zip,SA1_2016_CED_2021_TB_RECODES.zip,2021_ced_sa_ur.csv,.csv,628993,16624,0,1,unknown
D:\Good Measure\MentalWellbeingbyGeography\data\raw\abs\_archive\pre_freeze_cleanup_v19_20260622_121918\duplicate_exact_sha_copies\data\raw\abs\remoteness\SA1_2016_CED_2021_TB_RECODES.zip,SA1_2016_CED_2021_TB_RECODES.zip,2021_ced_tas_en.csv,.csv,194489,6458,0,1,unknown
D:\Good Measure\MentalWellbeingbyGeography\data\raw\abs\_archive\pre_freeze_cleanup_v19_20260622_121918\duplicate_exact_sha_copies\data\raw\abs\remoteness\SA1_2016_CED_2021_TB_RECODES.zip,SA1_2016_CED_2021_TB_RECODES.zip,2021_ced_tas_ur.csv,.csv,216599,6633,0,1,unknown
D:\Good Measure\MentalWellbeingbyGeography\data\raw\abs\_archive\pre_freeze_cleanup_v19_20260622_121918\duplicate_exact_sha_copies\data\raw\abs\remoteness\SA1_2016_CED_2021_TB_RECODES.zip,SA1_2016_CED_2021_TB_RECODES.zip,2021_ced_vic_en.csv,.csv,1883325,48959,0,1,unknown
D:\Good Measure\MentalWellbeingbyGeography\data\raw\abs\_archive\pre_freeze_cleanup_v19_20260622_121918\duplicate_exact_sha_copies\data\raw\abs\remoteness\SA1_2016_CED_2021_TB_RECODES.zip,SA1_2016_CED_2021_TB_RECODES.zip,2021_ced_vic_ur.csv,.csv,2094570,50198,0,1,unknown
D:\Good Measure\MentalWellbeingbyGeography\data\raw\abs\_archive\pre_freeze_cleanup_v19_20260622_121918\duplicate_exact_sha_copies\data\raw\abs\remoteness\SA1_2016_CED_2021_TB_RECODES.zip,SA1_2016_CED_2021_TB_RECODES.zip,2021_ced_wa_en.csv,.csv,796398,22047,0,1,unknown
D:\Good Measure\MentalWellbeingbyGeography\data\raw\abs\_archive\pre_freeze_cleanup_v19_20260622_121918\duplicate_exact_sha_copies\data\raw\abs\remoteness\SA1_2016_CED_2021_TB_RECODES.zip,SA1_2016_CED_2021_TB_RECODES.zip,2021_ced_wa_ur.csv,.csv,886306,22608,0,1,unknown
D:\Good Measure\MentalWellbeingbyGeography\data\raw\abs\_archive\pre_freeze_cleanup_v19_20260622_121918\duplicate_exact_sha_copies\data\raw\abs\remoteness\SA1_2016_SED_2021_TB_RECODES.zip,SA1_2016_SED_2021_TB_RECODES.zip,2021_sed_act_en.csv,.csv,149025,4942,0,1,unknown
D:\Good Measure\MentalWellbeingbyGeography\data\raw\abs\_archive\pre_freeze_cleanup_v19_20260622_121918\duplicate_exact_sha_copies\data\raw\abs\remoteness\SA1_2016_SED_2021_TB_RECODES.zip,SA1_2016_SED_2021_TB_RECODES.zip,2021_sed_act_ur.csv,.csv,166372,5055,0,1,unknown
D:\Good Measure\MentalWellbeingbyGeography\data\raw\abs\_archive\pre_freeze_cleanup_v19_20260622_121918\duplicate_exact_sha_copies\data\raw\abs\remoteness\SA1_2016_SED_2021_TB_RECODES.zip,SA1_2016_SED_2021_TB_RECODES.zip,2021_sed_nsw_en.csv,.csv,2369801,66952,0,1,unknown
D:\Good Measure\MentalWellbeingbyGeography\data\raw\abs\_archive\pre_freeze_cleanup_v19_20260622_121918\duplicate_exact_sha_copies\data\raw\abs\remoteness\SA1_2016_SED_2021_TB_RECODES.zip,SA1_2016_SED_2021_TB_RECODES.zip,2021_sed_nsw_ur.csv,.csv,2645928,67102,0,1,unknown
D:\Good Measure\MentalWellbeingbyGeography\data\raw\abs\_archive\pre_freeze_cleanup_v19_20260622_121918\duplicate_exact_sha_copies\data\raw\abs\remoteness\SA1_2016_SED_2021_TB_RECODES.zip,SA1_2016_SED_2021_TB_RECODES.zip,2021_sed_nt_en.csv,.csv,79752,2893,0,1,unknown
D:\Good Measure\MentalWellbeingbyGeography\data\raw\abs\_archive\pre_freeze_cleanup_v19_20260622_121918\duplicate_exact_sha_copies\data\raw\abs\remoteness\SA1_2016_SED_2021_TB_RECODES.zip,SA1_2016_SED_2021_TB_RECODES.zip,2021_sed_nt_ur.csv,.csv,89283,3004,0,1,unknown
D:\Good Measure\MentalWellbeingbyGeography\data\raw\abs\_archive\pre_freeze_cleanup_v19_20260622_121918\duplicate_exact_sha_copies\data\raw\abs\remoteness\SA1_2016_SED_2021_TB_RECODES.zip,SA1_2016_SED_2021_TB_RECODES.zip,2021_sed_ot_en.csv,.csv,3001,263,0,1,unknown
D:\Good Measure\MentalWellbeingbyGeography\data\raw\abs\_archive\pre_freeze_cleanup_v19_20260622_121918\duplicate_exact_sha_copies\data\raw\abs\remoteness\SA1_2016_SED_2021_TB_RECODES.zip,SA1_2016_SED_2021_TB_RECODES.zip,2021_sed_ot_ur.csv,.csv,3472,299,0,1,unknown
D:\Good Measure\MentalWellbeingbyGeography\data\raw\abs\_archive\pre_freeze_cleanup_v19_20260622_121918\duplicate_exact_sha_copies\data\raw\abs\remoteness\SA1_2016_SED_2021_TB_RECODES.zip,SA1_2016_SED_2021_TB_RECODES.zip,2021_sed_qld_en.csv,.csv,1486605,44088,0,1,unknown
D:\Good Measure\MentalWellbeingbyGeography\data\raw\abs\_archive\pre_freeze_cleanup_v19_20260622_121918\duplicate_exact_sha_copies\data\raw\abs\remoteness\SA1_2016_SED_2021_TB_RECODES.zip,SA1_2016_SED_2021_TB_RECODES.zip,2021_sed_qld_ur.csv,.csv,1660192,44377,0,1,unknown
D:\Good Measure\MentalWellbeingbyGeography\data\raw\abs\_archive\pre_freeze_cleanup_v19_20260622_121918\duplicate_exact_sha_copies\data\raw\abs\remoteness\SA1_2016_SED_2021_TB_RECODES.zip,SA1_2016_SED_2021_TB_RECODES.zip,2021_sed_sa_en.csv,.csv,539279,15975,0,1,unknown
D:\Good Measure\MentalWellbeingbyGeography\data\raw\abs\_archive\pre_freeze_cleanup_v19_20260622_121918\duplicate_exact_sha_copies\data\raw\abs\remoteness\SA1_2016_SED_2021_TB_RECODES.zip,SA1_2016_SED_2021_TB_RECODES.zip,2021_sed_sa_ur.csv,.csv,603095,16517,0,1,unknown
D:\Good Measure\MentalWellbeingbyGeography\data\raw\abs\_archive\pre_freeze_cleanup_v19_20260622_121918\duplicate_exact_sha_copies\data\raw\abs\remoteness\SA1_2016_SED_2021_TB_RECODES.zip,SA1_2016_SED_2021_TB_RECODES.zip,2021_sed_tas_en.csv,.csv,199689,6537,0,1,unknown
D:\Good Measure\MentalWellbeingbyGeography\data\raw\abs\_archive\pre_freeze_cleanup_v19_20260622_121918\duplicate_exact_sha_copies\data\raw\abs\remoteness\SA1_2016_SED_2021_TB_RECODES.zip,SA1_2016_SED_2021_TB_RECODES.zip,2021_sed_tas_ur.csv,.csv,221792,6439,0,1,unknown
D:\Good Measure\MentalWellbeingbyGeography\data\raw\abs\_archive\pre_freeze_cleanup_v19_20260622_121918\duplicate_exact_sha_copies\data\raw\abs\remoteness\SA1_2016_SED_2021_TB_RECODES.zip,SA1_2016_SED_2021_TB_RECODES.zip,2021_sed_vic_en.csv,.csv,2130684,52489,0,1,unknown
D:\Good Measure\MentalWellbeingbyGeography\data\raw\abs\_archive\pre_freeze_cleanup_v19_20260622_121918\duplicate_exact_sha_copies\data\raw\abs\remoteness\SA1_2016_SED_2021_TB_RECODES.zip,SA1_2016_SED_2021_TB_RECODES.zip,2021_sed_vic_ur.csv,.csv,2341922,51895,0,1,unknown
D:\Good Measure\MentalWellbeingbyGeography\data\raw\abs\_archive\pre_freeze_cleanup_v19_20260622_121918\duplicate_exact_sha_copies\data\raw\abs\remoteness\SA1_2016_SED_2021_TB_RECODES.zip,SA1_2016_SED_2021_TB_RECODES.zip,2021_sed_wa_en.csv,.csv,888352,23494,0,1,unknown
D:\Good Measure\MentalWellbeingbyGeography\data\raw\abs\_archive\pre_freeze_cleanup_v19_20260622_121918\duplicate_exact_sha_copies\data\raw\abs\remoteness\SA1_2016_SED_2021_TB_RECODES.zip,SA1_2016_SED_2021_TB_RECODES.zip,2021_sed_wa_ur.csv,.csv,978253,22756,0,1,unknown
D:\Good Measure\MentalWellbeingbyGeography\data\raw\abs\census_2021_gcp_sa2\2021_GCP_SA2_for_AUS_short-header.zip,2021_GCP_SA2_for_AUS_short-header.zip,Metadata/2021Census_geog_desc_1st_2nd_3rd_release.xlsx,.xlsx,3411053,3324796,0,1,CENSUS
D:\Good Measure\MentalWellbeingbyGeography\data\raw\abs\census_2021_gcp_sa2\2021_GCP_SA2_for_AUS_short-header.zip,2021_GCP_SA2_for_AUS_short-header.zip,Metadata/2021_GCP_Sequential_Template_R2.xlsx,.xlsx,368031,306246,0,1,unknown
D:\Good Measure\MentalWellbeingbyGeography\data\raw\abs\census_2021_gcp_sa2\2021_GCP_SA2_for_AUS_short-header.zip,2021_GCP_SA2_for_AUS_short-header.zip,Metadata/Metadata_2021_GCP_DataPack_R1_R2.xlsx,.xlsx,843482,656438,0,1,CENSUS
D:\Good Measure\MentalWellbeingbyGeography\data\raw\abs\census_2021_gcp_sa2\2021_GCP_SA2_for_AUS_short-header.zip,2021_GCP_SA2_for_AUS_short-header.zip,Readme/2021AboutDataPacks_readme.txt,.txt,9453,2876,0,1,CENSUS
D:\Good Measure\MentalWellbeingbyGeography\data\raw\abs\census_2021_gcp_sa2\2021_GCP_SA2_for_AUS_short-header.zip,2021_GCP_SA2_for_AUS_short-header.zip,Readme/2021Formats_readme.txt,.txt,2115,911,0,1,unknown
D:\Good Measure\MentalWellbeingbyGeography\data\raw\abs\census_2021_gcp_sa2\2021_GCP_SA2_for_AUS_short-header.zip,2021_GCP_SA2_for_AUS_short-header.zip,Readme/2021POA_readme.txt,.txt,5005,1646,0,1,unknown
D:\Good Measure\MentalWellbeingbyGeography\data\raw\abs\census_2021_gcp_sa2\2021_GCP_SA2_for_AUS_short-header.zip,2021_GCP_SA2_for_AUS_short-header.zip,Readme/CreativeCommons_Licensing_readme.txt,.txt,1988,888,0,1,unknown
D:\Good Measure\MentalWellbeingbyGeography\data\raw\abs\census_2021_gcp_sa2\2021_GCP_SA2_for_AUS_short-header.zip,2021_GCP_SA2_for_AUS_short-header.zip,Readme/esri_arcmap_readme.txt,.txt,2800,1280,0,1,unknown
D:\Good Measure\MentalWellbeingbyGeography\data\raw\abs\census_2021_gcp_sa2\2021_GCP_SA2_for_AUS_short-header.zip,2021_GCP_SA2_for_AUS_short-header.zip,Readme/mapinfo_Shp_readme.txt,.txt,525,326,0,1,unknown
D:\Good Measure\MentalWellbeingbyGeography\data\raw\abs\census_2021_gcp_sa2\2021_GCP_SA2_for_AUS_short-header.zip,2021_GCP_SA2_for_AUS_short-header.zip,Readme/Summary_of_changes.txt,.txt,4932,1685,0,1,unknown
D:\Good Measure\MentalWellbeingbyGeography\data\raw\abs\census_2021_gcp_sa2\2021_GCP_SA2_for_AUS_short-header.zip,2021_GCP_SA2_for_AUS_short-header.zip,2021 Census GCP Statistical Area 2 for AUS/2021Census_G01_AUST_SA2.csv,.csv,1091385,471719,0,1,CENSUS
D:\Good Measure\MentalWellbeingbyGeography\data\raw\abs\census_2021_gcp_sa2\2021_GCP_SA2_for_AUS_short-header.zip,2021_GCP_SA2_for_AUS_short-header.zip,2021 Census GCP Statistical Area 2 for AUS/2021Census_G02_AUST_SA2.csv,.csv,107350,37888,0,1,CENSUS
D:\Good Measure\MentalWellbeingbyGeography\data\raw\abs\census_2021_gcp_sa2\2021_GCP_SA2_for_AUS_short-header.zip,2021_GCP_SA2_for_AUS_short-header.zip,2021 Census GCP Statistical Area 2 for AUS/2021Census_G03_AUST_SA2.csv,.csv,918038,262808,0,1,CENSUS
D:\Good Measure\MentalWellbeingbyGeography\data\raw\abs\census_2021_gcp_sa2\2021_GCP_SA2_for_AUS_short-header.zip,2021_GCP_SA2_for_AUS_short-header.zip,2021 Census GCP Statistical Area 2 for AUS/2021Census_G04A_AUST_SA2.csv,.csv,1694562,644376,0,1,CENSUS
D:\Good Measure\MentalWellbeingbyGeography\data\raw\abs\census_2021_gcp_sa2\2021_GCP_SA2_for_AUS_short-header.zip,2021_GCP_SA2_for_AUS_short-header.zip,2021 Census GCP Statistical Area 2 for AUS/2021Census_G04B_AUST_SA2.csv,.csv,873624,336015,0,1,CENSUS
D:\Good Measure\MentalWellbeingbyGeography\data\raw\abs\census_2021_gcp_sa2\2021_GCP_SA2_for_AUS_short-header.zip,2021_GCP_SA2_for_AUS_short-header.zip,2021 Census GCP Statistical Area 2 for AUS/2021Census_G05_AUST_SA2.csv,.csv,1459055,591813,0,1,CENSUS
D:\Good Measure\MentalWellbeingbyGeography\data\raw\abs\census_2021_gcp_sa2\2021_GCP_SA2_for_AUS_short-header.zip,2021_GCP_SA2_for_AUS_short-header.zip,2021 Census GCP Statistical Area 2 for AUS/2021Census_G06_AUST_SA2.csv,.csv,1080590,454073,0,1,CENSUS
D:\Good Measure\MentalWellbeingbyGeography\data\raw\abs\census_2021_gcp_sa2\2021_GCP_SA2_for_AUS_short-header.zip,2021_GCP_SA2_for_AUS_short-header.zip,2021 Census GCP Statistical Area 2 for AUS/2021Census_G07_AUST_SA2.csv,.csv,1508221,608837,0,1,CENSUS
D:\Good Measure\MentalWellbeingbyGeography\data\raw\abs\census_2021_gcp_sa2\2021_GCP_SA2_for_AUS_short-header.zip,2021_GCP_SA2_for_AUS_short-header.zip,2021 Census GCP Statistical Area 2 for AUS/2021Census_G08_AUST_SA2.csv,.csv,1374965,512036,0,1,CENSUS
D:\Good Measure\MentalWellbeingbyGeography\data\raw\abs\census_2021_gcp_sa2\2021_GCP_SA2_for_AUS_short-header.zip,2021_GCP_SA2_for_AUS_short-header.zip,2021 Census GCP Statistical Area 2 for AUS/2021Census_G09A_AUST_SA2.csv,.csv,1115070,233248,0,1,CENSUS
D:\Good Measure\MentalWellbeingbyGeography\data\raw\abs\census_2021_gcp_sa2\2021_GCP_SA2_for_AUS_short-header.zip,2021_GCP_SA2_for_AUS_short-header.zip,2021 Census GCP Statistical Area 2 for AUS/2021Census_G09B_AUST_SA2.csv,.csv,1063416,179628,0,1,CENSUS
D:\Good Measure\MentalWellbeingbyGeography\data\raw\abs\census_2021_gcp_sa2\2021_GCP_SA2_for_AUS_short-header.zip,2021_GCP_SA2_for_AUS_short-header.zip,2021 Census GCP Statistical Area 2 for AUS/2021Census_G09C_AUST_SA2.csv,.csv,1175134,290032,0,1,CENSUS
D:\Good Measure\MentalWellbeingbyGeography\data\raw\abs\census_2021_gcp_sa2\2021_GCP_SA2_for_AUS_short-header.zip,2021_GCP_SA2_for_AUS_short-header.zip,2021 Census GCP Statistical Area 2 for AUS/2021Census_G09D_AUST_SA2.csv,.csv,1081844,209416,0,1,CENSUS
D:\Good Measure\MentalWellbeingbyGeography\data\raw\abs\census_2021_gcp_sa2\2021_GCP_SA2_for_AUS_short-header.zip,2021_GCP_SA2_for_AUS_short-header.zip,2021 Census GCP Statistical Area 2 for AUS/2021Census_G09E_AUST_SA2.csv,.csv,1068695,193234,0,1,CENSUS
D:\Good Measure\MentalWellbeingbyGeography\data\raw\abs\census_2021_gcp_sa2\2021_GCP_SA2_for_AUS_short-header.zip,2021_GCP_SA2_for_AUS_short-header.zip,2021 Census GCP Statistical Area 2 for AUS/2021Census_G09F_AUST_SA2.csv,.csv,1216867,339430,0,1,CENSUS
D:\Good Measure\MentalWellbeingbyGeography\data\raw\abs\census_2021_gcp_sa2\2021_GCP_SA2_for_AUS_short-header.zip,2021_GCP_SA2_for_AUS_short-header.zip,2021 Census GCP Statistical Area 2 for AUS/2021Census_G09G_AUST_SA2.csv,.csv,1105681,246931,0,1,CENSUS
D:\Good Measure\MentalWellbeingbyGeography\data\raw\abs\census_2021_gcp_sa2\2021_GCP_SA2_for_AUS_short-header.zip,2021_GCP_SA2_for_AUS_short-header.zip,2021 Census GCP Statistical Area 2 for AUS/2021Census_G09H_AUST_SA2.csv,.csv,1138117,322612,0,1,CENSUS
D:\Good Measure\MentalWellbeingbyGeography\data\raw\abs\census_2021_gcp_sa2\2021_GCP_SA2_for_AUS_short-header.zip,2021_GCP_SA2_for_AUS_short-header.zip,2021 Census GCP Statistical Area 2 for AUS/2021Census_G10A_AUST_SA2.csv,.csv,1074595,194541,0,1,CENSUS
D:\Good Measure\MentalWellbeingbyGeography\data\raw\abs\census_2021_gcp_sa2\2021_GCP_SA2_for_AUS_short-header.zip,2021_GCP_SA2_for_AUS_short-header.zip,2021 Census GCP Statistical Area 2 for AUS/2021Census_G10B_AUST_SA2.csv,.csv,1075945,195838,0,1,CENSUS
D:\Good Measure\MentalWellbeingbyGeography\data\raw\abs\census_2021_gcp_sa2\2021_GCP_SA2_for_AUS_short-header.zip,2021_GCP_SA2_for_AUS_short-header.zip,2021 Census GCP Statistical Area 2 for AUS/2021Census_G10C_AUST_SA2.csv,.csv,1131662,306483,0,1,CENSUS
D:\Good Measure\MentalWellbeingbyGeography\data\raw\abs\census_2021_gcp_sa2\2021_GCP_SA2_for_AUS_short-header.zip,2021_GCP_SA2_for_AUS_short-header.zip,2021 Census GCP Statistical Area 2 for AUS/2021Census_G11A_AUST_SA2.csv,.csv,1154363,264410,0,1,CENSUS
D:\Good Measure\MentalWellbeingbyGeography\data\raw\abs\census_2021_gcp_sa2\2021_GCP_SA2_for_AUS_short-header.zip,2021_GCP_SA2_for_AUS_short-header.zip,2021 Census GCP Statistical Area 2 for AUS/2021Census_G11B_AUST_SA2.csv,.csv,1191761,315275,0,1,CENSUS
D:\Good Measure\MentalWellbeingbyGeography\data\raw\abs\census_2021_gcp_sa2\2021_GCP_SA2_for_AUS_short-header.zip,2021_GCP_SA2_for_AUS_short-header.zip,2021 Census GCP Statistical Area 2 for AUS/2021Census_G11C_AUST_SA2.csv,.csv,1108007,211108,0,1,CENSUS
D:\Good Measure\MentalWellbeingbyGeography\data\raw\abs\census_2021_gcp_sa2\2021_GCP_SA2_for_AUS_short-header.zip,2021_GCP_SA2_for_AUS_short-header.zip,2021 Census GCP Statistical Area 2 for AUS/2021Census_G11D_AUST_SA2.csv,.csv,1038962,268184,0,1,CENSUS
D:\Good Measure\MentalWellbeingbyGeography\data\raw\abs\census_2021_gcp_sa2\2021_GCP_SA2_for_AUS_short-header.zip,2021_GCP_SA2_for_AUS_short-header.zip,2021 Census GCP Statistical Area 2 for AUS/2021Census_G12A_AUST_SA2.csv,.csv,1200139,296705,0,1,CENSUS
D:\Good Measure\MentalWellbeingbyGeography\data\raw\abs\census_2021_gcp_sa2\2021_GCP_SA2_for_AUS_short-header.zip,2021_GCP_SA2_for_AUS_short-header.zip,2021 Census GCP Statistical Area 2 for AUS/2021Census_G12B_AUST_SA2.csv,.csv,1130720,259574,0,1,CENSUS
D:\Good Measure\MentalWellbeingbyGeography\data\raw\abs\census_2021_gcp_sa2\2021_GCP_SA2_for_AUS_short-header.zip,2021_GCP_SA2_for_AUS_short-header.zip,2021 Census GCP Statistical Area 2 for AUS/2021Census_G13A_AUST_SA2.csv,.csv,1236223,231678,0,1,CENSUS
D:\Good Measure\MentalWellbeingbyGeography\data\raw\abs\census_2021_gcp_sa2\2021_GCP_SA2_for_AUS_short-header.zip,2021_GCP_SA2_for_AUS_short-header.zip,2021 Census GCP Statistical Area 2 for AUS/2021Census_G13B_AUST_SA2.csv,.csv,1302228,311290,0,1,CENSUS
D:\Good Measure\MentalWellbeingbyGeography\data\raw\abs\census_2021_gcp_sa2\2021_GCP_SA2_for_AUS_short-header.zip,2021_GCP_SA2_for_AUS_short-header.zip,2021 Census GCP Statistical Area 2 for AUS/2021Census_G13C_AUST_SA2.csv,.csv,1314726,323284,0,1,CENSUS
D:\Good Measure\MentalWellbeingbyGeography\data\raw\abs\census_2021_gcp_sa2\2021_GCP_SA2_for_AUS_short-header.zip,2021_GCP_SA2_for_AUS_short-header.zip,2021 Census GCP Statistical Area 2 for AUS/2021Census_G13D_AUST_SA2.csv,.csv,1274343,281448,0,1,CENSUS
D:\Good Measure\MentalWellbeingbyGeography\data\raw\abs\census_2021_gcp_sa2\2021_GCP_SA2_for_AUS_short-header.zip,2021_GCP_SA2_for_AUS_short-header.zip,2021 Census GCP Statistical Area 2 for AUS/2021Census_G13E_AUST_SA2.csv,.csv,376024,132488,0,1,CENSUS
D:\Good Measure\MentalWellbeingbyGeography\data\raw\abs\census_2021_gcp_sa2\2021_GCP_SA2_for_AUS_short-header.zip,2021_GCP_SA2_for_AUS_short-header.zip,2021 Census GCP Statistical Area 2 for AUS/2021Census_G14_AUST_SA2.csv,.csv,811956,320197,0,1,CENSUS
D:\Good Measure\MentalWellbeingbyGeography\data\raw\abs\census_2021_gcp_sa2\2021_GCP_SA2_for_AUS_short-header.zip,2021_GCP_SA2_for_AUS_short-header.zip,2021 Census GCP Statistical Area 2 for AUS/2021Census_G15_AUST_SA2.csv,.csv,691515,270536,0,1,CENSUS
D:\Good Measure\MentalWellbeingbyGeography\data\raw\abs\census_2021_gcp_sa2\2021_GCP_SA2_for_AUS_short-header.zip,2021_GCP_SA2_for_AUS_short-header.zip,2021 Census GCP Statistical Area 2 for AUS/2021Census_G16A_AUST_SA2.csv,.csv,1546236,613347,0,1,CENSUS
D:\Good Measure\MentalWellbeingbyGeography\data\raw\abs\census_2021_gcp_sa2\2021_GCP_SA2_for_AUS_short-header.zip,2021_GCP_SA2_for_AUS_short-header.zip,2021 Census GCP Statistical Area 2 for AUS/2021Census_G16B_AUST_SA2.csv,.csv,335160,130825,0,1,CENSUS
D:\Good Measure\MentalWellbeingbyGeography\data\raw\abs\census_2021_gcp_sa2\2021_GCP_SA2_for_AUS_short-header.zip,2021_GCP_SA2_for_AUS_short-header.zip,2021 Census GCP Statistical Area 2 for AUS/2021Census_G17A_AUST_SA2.csv,.csv,1426753,535359,0,1,CENSUS
D:\Good Measure\MentalWellbeingbyGeography\data\raw\abs\census_2021_gcp_sa2\2021_GCP_SA2_for_AUS_short-header.zip,2021_GCP_SA2_for_AUS_short-header.zip,2021 Census GCP Statistical Area 2 for AUS/2021Census_G17B_AUST_SA2.csv,.csv,1469625,559763,0,1,CENSUS
D:\Good Measure\MentalWellbeingbyGeography\data\raw\abs\census_2021_gcp_sa2\2021_GCP_SA2_for_AUS_short-header.zip,2021_GCP_SA2_for_AUS_short-header.zip,2021 Census GCP Statistical Area 2 for AUS/2021Census_G17C_AUST_SA2.csv,.csv,861889,340664,0,1,CENSUS
D:\Good Measure\MentalWellbeingbyGeography\data\raw\abs\census_2021_gcp_sa2\2021_GCP_SA2_for_AUS_short-header.zip,2021_GCP_SA2_for_AUS_short-header.zip,2021 Census GCP Statistical Area 2 for AUS/2021Census_G18_AUST_SA2.csv,.csv,1265295,530702,0,1,CENSUS
D:\Good Measure\MentalWellbeingbyGeography\data\raw\abs\census_2021_gcp_sa2\2021_GCP_SA2_for_AUS_short-header.zip,2021_GCP_SA2_for_AUS_short-header.zip,2021 Census GCP Statistical Area 2 for AUS/2021Census_G19A_AUST_SA2.csv,.csv,1409964,522159,0,1,CENSUS
D:\Good Measure\MentalWellbeingbyGeography\data\raw\abs\census_2021_gcp_sa2\2021_GCP_SA2_for_AUS_short-header.zip,2021_GCP_SA2_for_AUS_short-header.zip,2021 Census GCP Statistical Area 2 for AUS/2021Census_G19B_AUST_SA2.csv,.csv,1506185,584202,0,1,CENSUS
D:\Good Measure\MentalWellbeingbyGeography\data\raw\abs\census_2021_gcp_sa2\2021_GCP_SA2_for_AUS_short-header.zip,2021_GCP_SA2_for_AUS_short-header.zip,2021 Census GCP Statistical Area 2 for AUS/2021Census_G19C_AUST_SA2.csv,.csv,217137,89740,0,1,CENSUS
D:\Good Measure\MentalWellbeingbyGeography\data\raw\abs\census_2021_gcp_sa2\2021_GCP_SA2_for_AUS_short-header.zip,2021_GCP_SA2_for_AUS_short-header.zip,2021 Census GCP Statistical Area 2 for AUS/2021Census_G20A_AUST_SA2.csv,.csv,1706499,701326,0,1,CENSUS
D:\Good Measure\MentalWellbeingbyGeography\data\raw\abs\census_2021_gcp_sa2\2021_GCP_SA2_for_AUS_short-header.zip,2021_GCP_SA2_for_AUS_short-header.zip,2021 Census GCP Statistical Area 2 for AUS/2021Census_G20B_AUST_SA2.csv,.csv,134159,55733,0,1,CENSUS
D:\Good Measure\MentalWellbeingbyGeography\data\raw\abs\census_2021_gcp_sa2\2021_GCP_SA2_for_AUS_short-header.zip,2021_GCP_SA2_for_AUS_short-header.zip,2021 Census GCP Statistical Area 2 for AUS/2021Census_G21A_AUST_SA2.csv,.csv,1394819,517135,0,1,CENSUS
D:\Good Measure\MentalWellbeingbyGeography\data\raw\abs\census_2021_gcp_sa2\2021_GCP_SA2_for_AUS_short-header.zip,2021_GCP_SA2_for_AUS_short-header.zip,2021 Census GCP Statistical Area 2 for AUS/2021Census_G21B_AUST_SA2.csv,.csv,1594161,600464,0,1,CENSUS
D:\Good Measure\MentalWellbeingbyGeography\data\raw\abs\census_2021_gcp_sa2\2021_GCP_SA2_for_AUS_short-header.zip,2021_GCP_SA2_for_AUS_short-header.zip,2021 Census GCP Statistical Area 2 for AUS/2021Census_G21C_AUST_SA2.csv,.csv,1057476,412311,0,1,CENSUS
D:\Good Measure\MentalWellbeingbyGeography\data\raw\abs\census_2021_gcp_sa2\2021_GCP_SA2_for_AUS_short-header.zip,2021_GCP_SA2_for_AUS_short-header.zip,2021 Census GCP Statistical Area 2 for AUS/2021Census_G22_AUST_SA2.csv,.csv,1400027,503829,0,1,CENSUS
D:\Good Measure\MentalWellbeingbyGeography\data\raw\abs\census_2021_gcp_sa2\2021_GCP_SA2_for_AUS_short-header.zip,2021_GCP_SA2_for_AUS_short-header.zip,2021 Census GCP Statistical Area 2 for AUS/2021Census_G23_AUST_SA2.csv,.csv,1090296,460147,0,1,CENSUS
D:\Good Measure\MentalWellbeingbyGeography\data\raw\abs\census_2021_gcp_sa2\2021_GCP_SA2_for_AUS_short-header.zip,2021_GCP_SA2_for_AUS_short-header.zip,2021 Census GCP Statistical Area 2 for AUS/2021Census_G24A_AUST_SA2.csv,.csv,1680358,685408,0,1,CENSUS
D:\Good Measure\MentalWellbeingbyGeography\data\raw\abs\census_2021_gcp_sa2\2021_GCP_SA2_for_AUS_short-header.zip,2021_GCP_SA2_for_AUS_short-header.zip,2021 Census GCP Statistical Area 2 for AUS/2021Census_G24B_AUST_SA2.csv,.csv,126859,53193,0,1,CENSUS
D:\Good Measure\MentalWellbeingbyGeography\data\raw\abs\census_2021_gcp_sa2\2021_GCP_SA2_for_AUS_short-header.zip,2021_GCP_SA2_for_AUS_short-header.zip,2021 Census GCP Statistical Area 2 for AUS/2021Census_G25_AUST_SA2.csv,.csv,1085119,457258,0,1,CENSUS
D:\Good Measure\MentalWellbeingbyGeography\data\raw\abs\census_2021_gcp_sa2\2021_GCP_SA2_for_AUS_short-header.zip,2021_GCP_SA2_for_AUS_short-header.zip,2021 Census GCP Statistical Area 2 for AUS/2021Census_G26A_AUST_SA2.csv,.csv,1584471,637669,0,1,CENSUS
D:\Good Measure\MentalWellbeingbyGeography\data\raw\abs\census_2021_gcp_sa2\2021_GCP_SA2_for_AUS_short-header.zip,2021_GCP_SA2_for_AUS_short-header.zip,2021 Census GCP Statistical Area 2 for AUS/2021Census_G26B_AUST_SA2.csv,.csv,124327,52192,0,1,CENSUS
D:\Good Measure\MentalWellbeingbyGeography\data\raw\abs\census_2021_gcp_sa2\2021_GCP_SA2_for_AUS_short-header.zip,2021_GCP_SA2_for_AUS_short-header.zip,2021 Census GCP Statistical Area 2 for AUS/2021Census_G27A_AUST_SA2.csv,.csv,1487194,492894,0,1,CENSUS
D:\Good Measure\MentalWellbeingbyGeography\data\raw\abs\census_2021_gcp_sa2\2021_GCP_SA2_for_AUS_short-header.zip,2021_GCP_SA2_for_AUS_short-header.zip,2021 Census GCP Statistical Area 2 for AUS/2021Census_G27B_AUST_SA2.csv,.csv,1275286,474168,0,1,CENSUS
D:\Good Measure\MentalWellbeingbyGeography\data\raw\abs\census_2021_gcp_sa2\2021_GCP_SA2_for_AUS_short-header.zip,2021_GCP_SA2_for_AUS_short-header.zip,2021 Census GCP Statistical Area 2 for AUS/2021Census_G28_AUST_SA2.csv,.csv,1044242,392032,0,1,CENSUS
D:\Good Measure\MentalWellbeingbyGeography\data\raw\abs\census_2021_gcp_sa2\2021_GCP_SA2_for_AUS_short-header.zip,2021_GCP_SA2_for_AUS_short-header.zip,2021 Census GCP Statistical Area 2 for AUS/2021Census_G29_AUST_SA2.csv,.csv,443016,181147,0,1,CENSUS
D:\Good Measure\MentalWellbeingbyGeography\data\raw\abs\census_2021_gcp_sa2\2021_GCP_SA2_for_AUS_short-header.zip,2021_GCP_SA2_for_AUS_short-header.zip,2021 Census GCP Statistical Area 2 for AUS/2021Census_G30_AUST_SA2.csv,.csv,748899,275319,0,1,CENSUS
D:\Good Measure\MentalWellbeingbyGeography\data\raw\abs\census_2021_gcp_sa2\2021_GCP_SA2_for_AUS_short-header.zip,2021_GCP_SA2_for_AUS_short-header.zip,2021 Census GCP Statistical Area 2 for AUS/2021Census_G31_AUST_SA2.csv,.csv,83439,30182,0,1,CENSUS
D:\Good Measure\MentalWellbeingbyGeography\data\raw\abs\census_2021_gcp_sa2\2021_GCP_SA2_for_AUS_short-header.zip,2021_GCP_SA2_for_AUS_short-header.zip,2021 Census GCP Statistical Area 2 for AUS/2021Census_G32_AUST_SA2.csv,.csv,724203,272550,0,1,CENSUS
D:\Good Measure\MentalWellbeingbyGeography\data\raw\abs\census_2021_gcp_sa2\2021_GCP_SA2_for_AUS_short-header.zip,2021_GCP_SA2_for_AUS_short-header.zip,2021 Census GCP Statistical Area 2 for AUS/2021Census_G33_AUST_SA2.csv,.csv,521251,202737,0,1,CENSUS
D:\Good Measure\MentalWellbeingbyGeography\data\raw\abs\census_2021_gcp_sa2\2021_GCP_SA2_for_AUS_short-header.zip,2021_GCP_SA2_for_AUS_short-header.zip,2021 Census GCP Statistical Area 2 for AUS/2021Census_G34_AUST_SA2.csv,.csv,105952,43672,0,1,CENSUS
D:\Good Measure\MentalWellbeingbyGeography\data\raw\abs\census_2021_gcp_sa2\2021_GCP_SA2_for_AUS_short-header.zip,2021_GCP_SA2_for_AUS_short-header.zip,2021 Census GCP Statistical Area 2 for AUS/2021Census_G35_AUST_SA2.csv,.csv,215343,85671,0,1,CENSUS
D:\Good Measure\MentalWellbeingbyGeography\data\raw\abs\census_2021_gcp_sa2\2021_GCP_SA2_for_AUS_short-header.zip,2021_GCP_SA2_for_AUS_short-header.zip,2021 Census GCP Statistical Area 2 for AUS/2021Census_G36_AUST_SA2.csv,.csv,319519,116774,0,1,CENSUS
D:\Good Measure\MentalWellbeingbyGeography\data\raw\abs\census_2021_gcp_sa2\2021_GCP_SA2_for_AUS_short-header.zip,2021_GCP_SA2_for_AUS_short-header.zip,2021 Census GCP Statistical Area 2 for AUS/2021Census_G37_AUST_SA2.csv,.csv,512533,180859,0,1,CENSUS
D:\Good Measure\MentalWellbeingbyGeography\data\raw\abs\census_2021_gcp_sa2\2021_GCP_SA2_for_AUS_short-header.zip,2021_GCP_SA2_for_AUS_short-header.zip,2021 Census GCP Statistical Area 2 for AUS/2021Census_G38_AUST_SA2.csv,.csv,510093,145167,0,1,CENSUS
D:\Good Measure\MentalWellbeingbyGeography\data\raw\abs\census_2021_gcp_sa2\2021_GCP_SA2_for_AUS_short-header.zip,2021_GCP_SA2_for_AUS_short-header.zip,2021 Census GCP Statistical Area 2 for AUS/2021Census_G39_AUST_SA2.csv,.csv,872576,276786,0,1,CENSUS
D:\Good Measure\MentalWellbeingbyGeography\data\raw\abs\census_2021_gcp_sa2\2021_GCP_SA2_for_AUS_short-header.zip,2021_GCP_SA2_for_AUS_short-header.zip,2021 Census GCP Statistical Area 2 for AUS/2021Census_G40_AUST_SA2.csv,.csv,680298,194143,0,1,CENSUS
D:\Good Measure\MentalWellbeingbyGeography\data\raw\abs\census_2021_gcp_sa2\2021_GCP_SA2_for_AUS_short-header.zip,2021_GCP_SA2_for_AUS_short-header.zip,2021 Census GCP Statistical Area 2 for AUS/2021Census_G41_AUST_SA2.csv,.csv,747731,215774,0,1,CENSUS
D:\Good Measure\MentalWellbeingbyGeography\data\raw\abs\census_2021_gcp_sa2\2021_GCP_SA2_for_AUS_short-header.zip,2021_GCP_SA2_for_AUS_short-header.zip,2021 Census GCP Statistical Area 2 for AUS/2021Census_G42_AUST_SA2.csv,.csv,880594,252145,0,1,CENSUS
D:\Good Measure\MentalWellbeingbyGeography\data\raw\abs\census_2021_gcp_sa2\2021_GCP_SA2_for_AUS_short-header.zip,2021_GCP_SA2_for_AUS_short-header.zip,2021 Census GCP Statistical Area 2 for AUS/2021Census_G43_AUST_SA2.csv,.csv,714593,312825,0,1,CENSUS
D:\Good Measure\MentalWellbeingbyGeography\data\raw\abs\census_2021_gcp_sa2\2021_GCP_SA2_for_AUS_short-header.zip,2021_GCP_SA2_for_AUS_short-header.zip,2021 Census GCP Statistical Area 2 for AUS/2021Census_G44_AUST_SA2.csv,.csv,425153,164036,0,1,CENSUS
D:\Good Measure\MentalWellbeingbyGeography\data\raw\abs\census_2021_gcp_sa2\2021_GCP_SA2_for_AUS_short-header.zip,2021_GCP_SA2_for_AUS_short-header.zip,2021 Census GCP Statistical Area 2 for AUS/2021Census_G45_AUST_SA2.csv,.csv,462067,186187,0,1,CENSUS
D:\Good Measure\MentalWellbeingbyGeography\data\raw\abs\census_2021_gcp_sa2\2021_GCP_SA2_for_AUS_short-header.zip,2021_GCP_SA2_for_AUS_short-header.zip,2021 Census GCP Statistical Area 2 for AUS/2021Census_G46A_AUST_SA2.csv,.csv,1469513,563923,0,1,CENSUS
D:\Good Measure\MentalWellbeingbyGeography\data\raw\abs\census_2021_gcp_sa2\2021_GCP_SA2_for_AUS_short-header.zip,2021_GCP_SA2_for_AUS_short-header.zip,2021 Census GCP Statistical Area 2 for AUS/2021Census_G46B_AUST_SA2.csv,.csv,1339727,552692,0,1,CENSUS
D:\Good Measure\MentalWellbeingbyGeography\data\raw\abs\census_2021_gcp_sa2\2021_GCP_SA2_for_AUS_short-header.zip,2021_GCP_SA2_for_AUS_short-header.zip,2021 Census GCP Statistical Area 2 for AUS/2021Census_G47A_AUST_SA2.csv,.csv,1214578,336506,0,1,CENSUS
D:\Good Measure\MentalWellbeingbyGeography\data\raw\abs\census_2021_gcp_sa2\2021_GCP_SA2_for_AUS_short-header.zip,2021_GCP_SA2_for_AUS_short-header.zip,2021 Census GCP Statistical Area 2 for AUS/2021Census_G47B_AUST_SA2.csv,.csv,1181485,299941,0,1,CENSUS
D:\Good Measure\MentalWellbeingbyGeography\data\raw\abs\census_2021_gcp_sa2\2021_GCP_SA2_for_AUS_short-header.zip,2021_GCP_SA2_for_AUS_short-header.zip,2021 Census GCP Statistical Area 2 for AUS/2021Census_G47C_AUST_SA2.csv,.csv,1162536,272941,0,1,CENSUS
D:\Good Measure\MentalWellbeingbyGeography\data\raw\abs\census_2021_gcp_sa2\2021_GCP_SA2_for_AUS_short-header.zip,2021_GCP_SA2_for_AUS_short-header.zip,2021 Census GCP Statistical Area 2 for AUS/2021Census_G47D_AUST_SA2.csv,.csv,1117156,212959,0,1,CENSUS
D:\Good Measure\MentalWellbeingbyGeography\data\raw\abs\census_2021_gcp_sa2\2021_GCP_SA2_for_AUS_short-header.zip,2021_GCP_SA2_for_AUS_short-header.zip,2021 Census GCP Statistical Area 2 for AUS/2021Census_G47E_AUST_SA2.csv,.csv,1079316,156749,0,1,CENSUS
D:\Good Measure\MentalWellbeingbyGeography\data\raw\abs\census_2021_gcp_sa2\2021_GCP_SA2_for_AUS_short-header.zip,2021_GCP_SA2_for_AUS_short-header.zip,2021 Census GCP Statistical Area 2 for AUS/2021Census_G47F_AUST_SA2.csv,.csv,1030364,351993,0,1,CENSUS
D:\Good Measure\MentalWellbeingbyGeography\data\raw\abs\census_2021_gcp_sa2\2021_GCP_SA2_for_AUS_short-header.zip,2021_GCP_SA2_for_AUS_short-header.zip,2021 Census GCP Statistical Area 2 for AUS/2021Census_G48A_AUST_SA2.csv,.csv,1161469,297588,0,1,CENSUS
D:\Good Measure\MentalWellbeingbyGeography\data\raw\abs\census_2021_gcp_sa2\2021_GCP_SA2_for_AUS_short-header.zip,2021_GCP_SA2_for_AUS_short-header.zip,2021 Census GCP Statistical Area 2 for AUS/2021Census_G48B_AUST_SA2.csv,.csv,556816,169272,0,1,CENSUS
D:\Good Measure\MentalWellbeingbyGeography\data\raw\abs\census_2021_gcp_sa2\2021_GCP_SA2_for_AUS_short-header.zip,2021_GCP_SA2_for_AUS_short-header.zip,2021 Census GCP Statistical Area 2 for AUS/2021Census_G49A_AUST_SA2.csv,.csv,1455955,559346,0,1,CENSUS
D:\Good Measure\MentalWellbeingbyGeography\data\raw\abs\census_2021_gcp_sa2\2021_GCP_SA2_for_AUS_short-header.zip,2021_GCP_SA2_for_AUS_short-header.zip,2021 Census GCP Statistical Area 2 for AUS/2021Census_G49B_AUST_SA2.csv,.csv,785590,316149,0,1,CENSUS
D:\Good Measure\MentalWellbeingbyGeography\data\raw\abs\census_2021_gcp_sa2\2021_GCP_SA2_for_AUS_short-header.zip,2021_GCP_SA2_for_AUS_short-header.zip,2021 Census GCP Statistical Area 2 for AUS/2021Census_G50A_AUST_SA2.csv,.csv,1333358,472887,0,1,CENSUS
D:\Good Measure\MentalWellbeingbyGeography\data\raw\abs\census_2021_gcp_sa2\2021_GCP_SA2_for_AUS_short-header.zip,2021_GCP_SA2_for_AUS_short-header.zip,2021 Census GCP Statistical Area 2 for AUS/2021Census_G50B_AUST_SA2.csv,.csv,1448922,544200,0,1,CENSUS
D:\Good Measure\MentalWellbeingbyGeography\data\raw\abs\census_2021_gcp_sa2\2021_GCP_SA2_for_AUS_short-header.zip,2021_GCP_SA2_for_AUS_short-header.zip,2021 Census GCP Statistical Area 2 for AUS/2021Census_G50C_AUST_SA2.csv,.csv,74378,29752,0,1,CENSUS
D:\Good Measure\MentalWellbeingbyGeography\data\raw\abs\census_2021_gcp_sa2\2021_GCP_SA2_for_AUS_short-header.zip,2021_GCP_SA2_for_AUS_short-header.zip,2021 Census GCP Statistical Area 2 for AUS/2021Census_G51A_AUST_SA2.csv,.csv,1217879,390286,0,1,CENSUS
D:\Good Measure\MentalWellbeingbyGeography\data\raw\abs\census_2021_gcp_sa2\2021_GCP_SA2_for_AUS_short-header.zip,2021_GCP_SA2_for_AUS_short-header.zip,2021 Census GCP Statistical Area 2 for AUS/2021Census_G51B_AUST_SA2.csv,.csv,1334864,478038,0,1,CENSUS
D:\Good Measure\MentalWellbeingbyGeography\data\raw\abs\census_2021_gcp_sa2\2021_GCP_SA2_for_AUS_short-header.zip,2021_GCP_SA2_for_AUS_short-header.zip,2021 Census GCP Statistical Area 2 for AUS/2021Census_G51C_AUST_SA2.csv,.csv,356235,123144,0,1,CENSUS
D:\Good Measure\MentalWellbeingbyGeography\data\raw\abs\census_2021_gcp_sa2\2021_GCP_SA2_for_AUS_short-header.zip,2021_GCP_SA2_for_AUS_short-header.zip,2021 Census GCP Statistical Area 2 for AUS/2021Census_G52A_AUST_SA2.csv,.csv,1189335,335248,0,1,CENSUS
D:\Good Measure\MentalWellbeingbyGeography\data\raw\abs\census_2021_gcp_sa2\2021_GCP_SA2_for_AUS_short-header.zip,2021_GCP_SA2_for_AUS_short-header.zip,2021 Census GCP Statistical Area 2 for AUS/2021Census_G52B_AUST_SA2.csv,.csv,1230021,381555,0,1,CENSUS
D:\Good Measure\MentalWellbeingbyGeography\data\raw\abs\census_2021_gcp_sa2\2021_GCP_SA2_for_AUS_short-header.zip,2021_GCP_SA2_for_AUS_short-header.zip,2021 Census GCP Statistical Area 2 for AUS/2021Census_G52C_AUST_SA2.csv,.csv,576699,217940,0,1,CENSUS
D:\Good Measure\MentalWellbeingbyGeography\data\raw\abs\census_2021_gcp_sa2\2021_GCP_SA2_for_AUS_short-header.zip,2021_GCP_SA2_for_AUS_short-header.zip,2021 Census GCP Statistical Area 2 for AUS/2021Census_G53A_AUST_SA2.csv,.csv,1245099,406408,0,1,CENSUS
D:\Good Measure\MentalWellbeingbyGeography\data\raw\abs\census_2021_gcp_sa2\2021_GCP_SA2_for_AUS_short-header.zip,2021_GCP_SA2_for_AUS_short-header.zip,2021 Census GCP Statistical Area 2 for AUS/2021Census_G53B_AUST_SA2.csv,.csv,1321009,468869,0,1,CENSUS
D:\Good Measure\MentalWellbeingbyGeography\data\raw\abs\census_2021_gcp_sa2\2021_GCP_SA2_for_AUS_short-header.zip,2021_GCP_SA2_for_AUS_short-header.zip,2021 Census GCP Statistical Area 2 for AUS/2021Census_G53C_AUST_SA2.csv,.csv,332516,129152,0,1,CENSUS
D:\Good Measure\MentalWellbeingbyGeography\data\raw\abs\census_2021_gcp_sa2\2021_GCP_SA2_for_AUS_short-header.zip,2021_GCP_SA2_for_AUS_short-header.zip,2021 Census GCP Statistical Area 2 for AUS/2021Census_G54A_AUST_SA2.csv,.csv,1245145,395130,0,1,CENSUS
D:\Good Measure\MentalWellbeingbyGeography\data\raw\abs\census_2021_gcp_sa2\2021_GCP_SA2_for_AUS_short-header.zip,2021_GCP_SA2_for_AUS_short-header.zip,2021 Census GCP Statistical Area 2 for AUS/2021Census_G54B_AUST_SA2.csv,.csv,1248713,397307,0,1,CENSUS
D:\Good Measure\MentalWellbeingbyGeography\data\raw\abs\census_2021_gcp_sa2\2021_GCP_SA2_for_AUS_short-header.zip,2021_GCP_SA2_for_AUS_short-header.zip,2021 Census GCP Statistical Area 2 for AUS/2021Census_G54C_AUST_SA2.csv,.csv,1344766,475058,0,1,CENSUS
D:\Good Measure\MentalWellbeingbyGeography\data\raw\abs\census_2021_gcp_sa2\2021_GCP_SA2_for_AUS_short-header.zip,2021_GCP_SA2_for_AUS_short-header.zip,2021 Census GCP Statistical Area 2 for AUS/2021Census_G54D_AUST_SA2.csv,.csv,252267,97411,0,1,CENSUS
D:\Good Measure\MentalWellbeingbyGeography\data\raw\abs\census_2021_gcp_sa2\2021_GCP_SA2_for_AUS_short-header.zip,2021_GCP_SA2_for_AUS_short-header.zip,2021 Census GCP Statistical Area 2 for AUS/2021Census_G55A_AUST_SA2.csv,.csv,1253523,415640,0,1,CENSUS
D:\Good Measure\MentalWellbeingbyGeography\data\raw\abs\census_2021_gcp_sa2\2021_GCP_SA2_for_AUS_short-header.zip,2021_GCP_SA2_for_AUS_short-header.zip,2021 Census GCP Statistical Area 2 for AUS/2021Census_G55B_AUST_SA2.csv,.csv,1262481,421474,0,1,CENSUS
D:\Good Measure\MentalWellbeingbyGeography\data\raw\abs\census_2021_gcp_sa2\2021_GCP_SA2_for_AUS_short-header.zip,2021_GCP_SA2_for_AUS_short-header.zip,2021 Census GCP Statistical Area 2 for AUS/2021Census_G55C_AUST_SA2.csv,.csv,1374677,506500,0,1,CENSUS
D:\Good Measure\MentalWellbeingbyGeography\data\raw\abs\census_2021_gcp_sa2\2021_GCP_SA2_for_AUS_short-header.zip,2021_GCP_SA2_for_AUS_short-header.zip,2021 Census GCP Statistical Area 2 for AUS/2021Census_G55D_AUST_SA2.csv,.csv,261298,103034,0,1,CENSUS
D:\Good Measure\MentalWellbeingbyGeography\data\raw\abs\census_2021_gcp_sa2\2021_GCP_SA2_for_AUS_short-header.zip,2021_GCP_SA2_for_AUS_short-header.zip,2021 Census GCP Statistical Area 2 for AUS/2021Census_G56A_AUST_SA2.csv,.csv,1316248,470236,0,1,CENSUS
D:\Good Measure\MentalWellbeingbyGeography\data\raw\abs\census_2021_gcp_sa2\2021_GCP_SA2_for_AUS_short-header.zip,2021_GCP_SA2_for_AUS_short-header.zip,2021 Census GCP Statistical Area 2 for AUS/2021Census_G56B_AUST_SA2.csv,.csv,124498,51093,0,1,CENSUS
D:\Good Measure\MentalWellbeingbyGeography\data\raw\abs\census_2021_gcp_sa2\2021_GCP_SA2_for_AUS_short-header.zip,2021_GCP_SA2_for_AUS_short-header.zip,2021 Census GCP Statistical Area 2 for AUS/2021Census_G57A_AUST_SA2.csv,.csv,1121873,267677,0,1,CENSUS
D:\Good Measure\MentalWellbeingbyGeography\data\raw\abs\census_2021_gcp_sa2\2021_GCP_SA2_for_AUS_short-header.zip,2021_GCP_SA2_for_AUS_short-header.zip,2021 Census GCP Statistical Area 2 for AUS/2021Census_G57B_AUST_SA2.csv,.csv,270219,77844,0,1,CENSUS
D:\Good Measure\MentalWellbeingbyGeography\data\raw\abs\census_2021_gcp_sa2\2021_GCP_SA2_for_AUS_short-header.zip,2021_GCP_SA2_for_AUS_short-header.zip,2021 Census GCP Statistical Area 2 for AUS/2021Census_G58A_AUST_SA2.csv,.csv,1113750,248643,0,1,CENSUS
D:\Good Measure\MentalWellbeingbyGeography\data\raw\abs\census_2021_gcp_sa2\2021_GCP_SA2_for_AUS_short-header.zip,2021_GCP_SA2_for_AUS_short-header.zip,2021 Census GCP Statistical Area 2 for AUS/2021Census_G58B_AUST_SA2.csv,.csv,275936,87685,0,1,CENSUS
D:\Good Measure\MentalWellbeingbyGeography\data\raw\abs\census_2021_gcp_sa2\2021_GCP_SA2_for_AUS_short-header.zip,2021_GCP_SA2_for_AUS_short-header.zip,2021 Census GCP Statistical Area 2 for AUS/2021Census_G59A_AUST_SA2.csv,.csv,1122602,257198,0,1,CENSUS
D:\Good Measure\MentalWellbeingbyGeography\data\raw\abs\census_2021_gcp_sa2\2021_GCP_SA2_for_AUS_short-header.zip,2021_GCP_SA2_for_AUS_short-header.zip,2021 Census GCP Statistical Area 2 for AUS/2021Census_G59B_AUST_SA2.csv,.csv,154325,50018,0,1,CENSUS
D:\Good Measure\MentalWellbeingbyGeography\data\raw\abs\census_2021_gcp_sa2\2021_GCP_SA2_for_AUS_short-header.zip,2021_GCP_SA2_for_AUS_short-header.zip,2021 Census GCP Statistical Area 2 for AUS/2021Census_G60A_AUST_SA2.csv,.csv,1396721,506631,0,1,CENSUS
D:\Good Measure\MentalWellbeingbyGeography\data\raw\abs\census_2021_gcp_sa2\2021_GCP_SA2_for_AUS_short-header.zip,2021_GCP_SA2_for_AUS_short-header.zip,2021 Census GCP Statistical Area 2 for AUS/2021Census_G60B_AUST_SA2.csv,.csv,774381,297131,0,1,CENSUS
D:\Good Measure\MentalWellbeingbyGeography\data\raw\abs\census_2021_gcp_sa2\2021_GCP_SA2_for_AUS_short-header.zip,2021_GCP_SA2_for_AUS_short-header.zip,2021 Census GCP Statistical Area 2 for AUS/2021Census_G61A_AUST_SA2.csv,.csv,1429437,545145,0,1,CENSUS
D:\Good Measure\MentalWellbeingbyGeography\data\raw\abs\census_2021_gcp_sa2\2021_GCP_SA2_for_AUS_short-header.zip,2021_GCP_SA2_for_AUS_short-header.zip,2021 Census GCP Statistical Area 2 for AUS/2021Census_G61B_AUST_SA2.csv,.csv,801153,321338,0,1,CENSUS
D:\Good Measure\MentalWellbeingbyGeography\data\raw\abs\census_2021_gcp_sa2\2021_GCP_SA2_for_AUS_short-header.zip,2021_GCP_SA2_for_AUS_short-header.zip,2021 Census GCP Statistical Area 2 for AUS/2021Census_G62_AUST_SA2.csv,.csv,732295,238969,0,1,CENSUS
D:\Good Measure\MentalWellbeingbyGeography\data\raw\abs\geography\SA1_2016_CED_2021_TB_RECODES.zip,SA1_2016_CED_2021_TB_RECODES.zip,2021_ced_act_en.csv,.csv,152484,5200,0,1,unknown
D:\Good Measure\MentalWellbeingbyGeography\data\raw\abs\geography\SA1_2016_CED_2021_TB_RECODES.zip,SA1_2016_CED_2021_TB_RECODES.zip,2021_ced_act_ur.csv,.csv,169838,5323,0,1,unknown
D:\Good Measure\MentalWellbeingbyGeography\data\raw\abs\geography\SA1_2016_CED_2021_TB_RECODES.zip,SA1_2016_CED_2021_TB_RECODES.zip,2021_ced_nsw_en.csv,.csv,2475424,64899,0,1,unknown
D:\Good Measure\MentalWellbeingbyGeography\data\raw\abs\geography\SA1_2016_CED_2021_TB_RECODES.zip,SA1_2016_CED_2021_TB_RECODES.zip,2021_ced_nsw_ur.csv,.csv,2751558,66360,0,1,unknown
D:\Good Measure\MentalWellbeingbyGeography\data\raw\abs\geography\SA1_2016_CED_2021_TB_RECODES.zip,SA1_2016_CED_2021_TB_RECODES.zip,2021_ced_nt_en.csv,.csv,84297,3148,0,1,unknown
D:\Good Measure\MentalWellbeingbyGeography\data\raw\abs\geography\SA1_2016_CED_2021_TB_RECODES.zip,SA1_2016_CED_2021_TB_RECODES.zip,2021_ced_nt_ur.csv,.csv,93835,3132,0,1,unknown
D:\Good Measure\MentalWellbeingbyGeography\data\raw\abs\geography\SA1_2016_CED_2021_TB_RECODES.zip,SA1_2016_CED_2021_TB_RECODES.zip,2021_ced_ot_en.csv,.csv,2928,273,0,1,unknown
D:\Good Measure\MentalWellbeingbyGeography\data\raw\abs\geography\SA1_2016_CED_2021_TB_RECODES.zip,SA1_2016_CED_2021_TB_RECODES.zip,2021_ced_ot_ur.csv,.csv,3406,312,0,1,unknown
D:\Good Measure\MentalWellbeingbyGeography\data\raw\abs\geography\SA1_2016_CED_2021_TB_RECODES.zip,SA1_2016_CED_2021_TB_RECODES.zip,2021_ced_qld_en.csv,.csv,1546561,43731,0,1,unknown
D:\Good Measure\MentalWellbeingbyGeography\data\raw\abs\geography\SA1_2016_CED_2021_TB_RECODES.zip,SA1_2016_CED_2021_TB_RECODES.zip,2021_ced_qld_ur.csv,.csv,1720155,44294,0,1,unknown
D:\Good Measure\MentalWellbeingbyGeography\data\raw\abs\geography\SA1_2016_CED_2021_TB_RECODES.zip,SA1_2016_CED_2021_TB_RECODES.zip,2021_ced_sa_en.csv,.csv,565170,16244,0,1,unknown
D:\Good Measure\MentalWellbeingbyGeography\data\raw\abs\geography\SA1_2016_CED_2021_TB_RECODES.zip,SA1_2016_CED_2021_TB_RECODES.zip,2021_ced_sa_ur.csv,.csv,628993,16624,0,1,unknown
D:\Good Measure\MentalWellbeingbyGeography\data\raw\abs\geography\SA1_2016_CED_2021_TB_RECODES.zip,SA1_2016_CED_2021_TB_RECODES.zip,2021_ced_tas_en.csv,.csv,194489,6458,0,1,unknown
D:\Good Measure\MentalWellbeingbyGeography\data\raw\abs\geography\SA1_2016_CED_2021_TB_RECODES.zip,SA1_2016_CED_2021_TB_RECODES.zip,2021_ced_tas_ur.csv,.csv,216599,6633,0,1,unknown
D:\Good Measure\MentalWellbeingbyGeography\data\raw\abs\geography\SA1_2016_CED_2021_TB_RECODES.zip,SA1_2016_CED_2021_TB_RECODES.zip,2021_ced_vic_en.csv,.csv,1883325,48959,0,1,unknown
D:\Good Measure\MentalWellbeingbyGeography\data\raw\abs\geography\SA1_2016_CED_2021_TB_RECODES.zip,SA1_2016_CED_2021_TB_RECODES.zip,2021_ced_vic_ur.csv,.csv,2094570,50198,0,1,unknown
D:\Good Measure\MentalWellbeingbyGeography\data\raw\abs\geography\SA1_2016_CED_2021_TB_RECODES.zip,SA1_2016_CED_2021_TB_RECODES.zip,2021_ced_wa_en.csv,.csv,796398,22047,0,1,unknown
D:\Good Measure\MentalWellbeingbyGeography\data\raw\abs\geography\SA1_2016_CED_2021_TB_RECODES.zip,SA1_2016_CED_2021_TB_RECODES.zip,2021_ced_wa_ur.csv,.csv,886306,22608,0,1,unknown
D:\Good Measure\MentalWellbeingbyGeography\data\raw\abs\geography\SA1_2016_SED_2021_TB_RECODES.zip,SA1_2016_SED_2021_TB_RECODES.zip,2021_sed_act_en.csv,.csv,149025,4942,0,1,unknown
D:\Good Measure\MentalWellbeingbyGeography\data\raw\abs\geography\SA1_2016_SED_2021_TB_RECODES.zip,SA1_2016_SED_2021_TB_RECODES.zip,2021_sed_act_ur.csv,.csv,166372,5055,0,1,unknown
D:\Good Measure\MentalWellbeingbyGeography\data\raw\abs\geography\SA1_2016_SED_2021_TB_RECODES.zip,SA1_2016_SED_2021_TB_RECODES.zip,2021_sed_nsw_en.csv,.csv,2369801,66952,0,1,unknown
D:\Good Measure\MentalWellbeingbyGeography\data\raw\abs\geography\SA1_2016_SED_2021_TB_RECODES.zip,SA1_2016_SED_2021_TB_RECODES.zip,2021_sed_nsw_ur.csv,.csv,2645928,67102,0,1,unknown
D:\Good Measure\MentalWellbeingbyGeography\data\raw\abs\geography\SA1_2016_SED_2021_TB_RECODES.zip,SA1_2016_SED_2021_TB_RECODES.zip,2021_sed_nt_en.csv,.csv,79752,2893,0,1,unknown
D:\Good Measure\MentalWellbeingbyGeography\data\raw\abs\geography\SA1_2016_SED_2021_TB_RECODES.zip,SA1_2016_SED_2021_TB_RECODES.zip,2021_sed_nt_ur.csv,.csv,89283,3004,0,1,unknown
D:\Good Measure\MentalWellbeingbyGeography\data\raw\abs\geography\SA1_2016_SED_2021_TB_RECODES.zip,SA1_2016_SED_2021_TB_RECODES.zip,2021_sed_ot_en.csv,.csv,3001,263,0,1,unknown
D:\Good Measure\MentalWellbeingbyGeography\data\raw\abs\geography\SA1_2016_SED_2021_TB_RECODES.zip,SA1_2016_SED_2021_TB_RECODES.zip,2021_sed_ot_ur.csv,.csv,3472,299,0,1,unknown
D:\Good Measure\MentalWellbeingbyGeography\data\raw\abs\geography\SA1_2016_SED_2021_TB_RECODES.zip,SA1_2016_SED_2021_TB_RECODES.zip,2021_sed_qld_en.csv,.csv,1486605,44088,0,1,unknown
D:\Good Measure\MentalWellbeingbyGeography\data\raw\abs\geography\SA1_2016_SED_2021_TB_RECODES.zip,SA1_2016_SED_2021_TB_RECODES.zip,2021_sed_qld_ur.csv,.csv,1660192,44377,0,1,unknown
D:\Good Measure\MentalWellbeingbyGeography\data\raw\abs\geography\SA1_2016_SED_2021_TB_RECODES.zip,SA1_2016_SED_2021_TB_RECODES.zip,2021_sed_sa_en.csv,.csv,539279,15975,0,1,unknown
D:\Good Measure\MentalWellbeingbyGeography\data\raw\abs\geography\SA1_2016_SED_2021_TB_RECODES.zip,SA1_2016_SED_2021_TB_RECODES.zip,2021_sed_sa_ur.csv,.csv,603095,16517,0,1,unknown
D:\Good Measure\MentalWellbeingbyGeography\data\raw\abs\geography\SA1_2016_SED_2021_TB_RECODES.zip,SA1_2016_SED_2021_TB_RECODES.zip,2021_sed_tas_en.csv,.csv,199689,6537,0,1,unknown
D:\Good Measure\MentalWellbeingbyGeography\data\raw\abs\geography\SA1_2016_SED_2021_TB_RECODES.zip,SA1_2016_SED_2021_TB_RECODES.zip,2021_sed_tas_ur.csv,.csv,221792,6439,0,1,unknown
D:\Good Measure\MentalWellbeingbyGeography\data\raw\abs\geography\SA1_2016_SED_2021_TB_RECODES.zip,SA1_2016_SED_2021_TB_RECODES.zip,2021_sed_vic_en.csv,.csv,2130684,52489,0,1,unknown
D:\Good Measure\MentalWellbeingbyGeography\data\raw\abs\geography\SA1_2016_SED_2021_TB_RECODES.zip,SA1_2016_SED_2021_TB_RECODES.zip,2021_sed_vic_ur.csv,.csv,2341922,51895,0,1,unknown
D:\Good Measure\MentalWellbeingbyGeography\data\raw\abs\geography\SA1_2016_SED_2021_TB_RECODES.zip,SA1_2016_SED_2021_TB_RECODES.zip,2021_sed_wa_en.csv,.csv,888352,23494,0,1,unknown
D:\Good Measure\MentalWellbeingbyGeography\data\raw\abs\geography\SA1_2016_SED_2021_TB_RECODES.zip,SA1_2016_SED_2021_TB_RECODES.zip,2021_sed_wa_ur.csv,.csv,978253,22756,0,1,unknown
D:\Good Measure\MentalWellbeingbyGeography\data\raw\abs\seifa\Index-data-cubes-all.zip,Index-data-cubes-all.zip,"Statistical Area Level 1, Indexes, SEIFA 2021.xlsx",.xlsx,24375522,23100455,0,1,SA1
D:\Good Measure\MentalWellbeingbyGeography\data\raw\abs\seifa\Index-data-cubes-all.zip,Index-data-cubes-all.zip,"Statistical Area Level 2, Indexes, SEIFA 2021.xlsx",.xlsx,1316059,1276743,0,1,SA2
D:\Good Measure\MentalWellbeingbyGeography\data\raw\abs\seifa\Index-data-cubes-all.zip,Index-data-cubes-all.zip,"Local Government Area, Indexes, SEIFA 2021.xlsx",.xlsx,393344,358949,0,1,LGA
D:\Good Measure\MentalWellbeingbyGeography\data\raw\abs\seifa\Index-data-cubes-all.zip,Index-data-cubes-all.zip,"Suburbs and Localities, Indexes, SEIFA 2021.xlsx",.xlsx,7099760,7042044,0,1,unknown
D:\Good Measure\MentalWellbeingbyGeography\data\raw\abs\seifa\Index-data-cubes-all.zip,Index-data-cubes-all.zip,"Postal Area, Indexes, SEIFA 2021.xlsx",.xlsx,1393579,1361706,0,1,unknown
D:\Good Measure\MentalWellbeingbyGeography\data\raw\abs\seifa\Population-distribution-data-cubes-all.zip,Population-distribution-data-cubes-all.zip,"Statistical Area Level 3, Population Distributions, SEIFA 2021.xlsx",.xlsx,399498,362172,0,1,SA3
D:\Good Measure\MentalWellbeingbyGeography\data\raw\abs\seifa\Population-distribution-data-cubes-all.zip,Population-distribution-data-cubes-all.zip,"Statistical Area Level 4, Population Distributions, SEIFA 2021.xlsx",.xlsx,233400,203640,0,1,SA4
D:\Good Measure\MentalWellbeingbyGeography\data\raw\abs\seifa\Population-distribution-data-cubes-all.zip,Population-distribution-data-cubes-all.zip,"Local Government Area, Population Distributions, SEIFA 2021.xlsx",.xlsx,502477,450667,0,1,LGA
D:\Good Measure\MentalWellbeingbyGeography\data\raw\abs\seifa\Population-distribution-data-cubes-all.zip,Population-distribution-data-cubes-all.zip,"Commonwealth Electoral Division, Population Distributions, SEIFA 2021.xlsx",.xlsx,274033,243675,0,1,unknown
D:\Good Measure\MentalWellbeingbyGeography\data\raw\abs\seifa\Population-distribution-data-cubes-all.zip,Population-distribution-data-cubes-all.zip,"State Electoral Division, Population Distributions, SEIFA 2021.xlsx",.xlsx,456673,415098,0,1,STATE_TERRITORY
D:\Good Measure\MentalWellbeingbyGeography\data\raw\abs\seifa\SA1-distribution-data-cubes-all.zip,SA1-distribution-data-cubes-all.zip,"Statistical Area Level 2, SA1 Distributions, SEIFA 2021.xlsx",.xlsx,736237,683295,0,1,SA1;SA2
D:\Good Measure\MentalWellbeingbyGeography\data\raw\abs\seifa\SA1-distribution-data-cubes-all.zip,SA1-distribution-data-cubes-all.zip,"Statistical Area Level 3, SA1 Distributions, SEIFA 2021.xlsx",.xlsx,170030,153575,0,1,SA1;SA3
D:\Good Measure\MentalWellbeingbyGeography\data\raw\abs\seifa\SA1-distribution-data-cubes-all.zip,SA1-distribution-data-cubes-all.zip,"Statistical Area Level 4, SA1 Distributions, SEIFA 2021.xlsx",.xlsx,90155,78168,0,1,SA1;SA4
D:\Good Measure\MentalWellbeingbyGeography\data\raw\abs\seifa\SA1-distribution-data-cubes-all.zip,SA1-distribution-data-cubes-all.zip,"Local Government Area, SA1 Distributions, SEIFA 2021.xlsx",.xlsx,224096,207233,0,1,SA1;LGA
D:\Good Measure\MentalWellbeingbyGeography\data\raw\abs\seifa\SA1-distribution-data-cubes-all.zip,SA1-distribution-data-cubes-all.zip,"Suburbs and Localities, SA1 Distributions, SEIFA 2021.xlsx",.xlsx,3863613,3158851,0,1,SA1
D:\Good Measure\MentalWellbeingbyGeography\data\raw\abs\seifa\SA1-distribution-data-cubes-all.zip,SA1-distribution-data-cubes-all.zip,"Postal Area, SA1 Distributions, SEIFA 2021.xlsx",.xlsx,714989,645591,0,1,SA1
D:\Good Measure\MentalWellbeingbyGeography\data\raw\abs\seifa\SA1-distribution-data-cubes-all.zip,SA1-distribution-data-cubes-all.zip,"Commonwealth Electoral Division, SA1 Distributions, SEIFA 2021.xlsx",.xlsx,107564,95243,0,1,SA1
D:\Good Measure\MentalWellbeingbyGeography\data\raw\abs\seifa\SA1-distribution-data-cubes-all.zip,SA1-distribution-data-cubes-all.zip,"State Electoral Division, SA1 Distributions, SEIFA 2021.xlsx",.xlsx,184919,172693,0,1,SA1;STATE_TERRITORY
